2025-06-27 11:52:38,743 django.utils.autoreload INFO     Watching for file changes with StatReloader
2025-06-27 11:52:43,844 django.request WARNING  Not Found: /logins
2025-06-27 11:54:56,688 django.utils.autoreload INFO     F:\Workspace\concordnet\concordnet\settings.py changed, reloading.
2025-06-27 11:54:58,331 django.utils.autoreload INFO     Watching for file changes with StatReloader
2025-06-27 11:55:24,095 django.utils.autoreload INFO     F:\Workspace\concordnet\concordnet\settings.py changed, reloading.
2025-06-27 11:55:25,907 django.utils.autoreload INFO     Watching for file changes with StatReloader
2025-06-27 11:55:28,310 django.utils.autoreload INFO     F:\Workspace\concordnet\concordnet\settings.py changed, reloading.
2025-06-27 11:55:30,168 django.utils.autoreload INFO     Watching for file changes with StatReloader
2025-06-27 14:06:44,648 django.request ERROR    Internal Server Error: /login/
Traceback (most recent call last):
  File "F:\Workspace\concordnet\venv\Lib\site-packages\django\db\backends\utils.py", line 89, in _execute
    return self.cursor.execute(sql, params)
           ^^^^^^^^^^^^^^^^^^^^^^^^^^^^^^^^
psycopg2.errors.UndefinedTable: relation "django_site" does not exist
LINE 1: ..."django_site"."domain", "django_site"."name" FROM "django_si...
                                                             ^


The above exception was the direct cause of the following exception:

Traceback (most recent call last):
  File "F:\Workspace\concordnet\venv\Lib\site-packages\django\core\handlers\exception.py", line 55, in inner
    response = get_response(request)
               ^^^^^^^^^^^^^^^^^^^^^
  File "F:\Workspace\concordnet\venv\Lib\site-packages\django\core\handlers\base.py", line 197, in _get_response
    response = wrapped_callback(request, *callback_args, **callback_kwargs)
               ^^^^^^^^^^^^^^^^^^^^^^^^^^^^^^^^^^^^^^^^^^^^^^^^^^^^^^^^^^^^
  File "F:\Workspace\concordnet\venv\Lib\site-packages\django\views\generic\base.py", line 104, in view
    return self.dispatch(request, *args, **kwargs)
           ^^^^^^^^^^^^^^^^^^^^^^^^^^^^^^^^^^^^^^^
  File "F:\Workspace\concordnet\venv\Lib\site-packages\django\utils\decorators.py", line 46, in _wrapper
    return bound_method(*args, **kwargs)
           ^^^^^^^^^^^^^^^^^^^^^^^^^^^^^
  File "F:\Workspace\concordnet\venv\Lib\site-packages\django\views\decorators\debug.py", line 92, in sensitive_post_parameters_wrapper
    return view(request, *args, **kwargs)
           ^^^^^^^^^^^^^^^^^^^^^^^^^^^^^^
  File "F:\Workspace\concordnet\venv\Lib\site-packages\django\utils\decorators.py", line 46, in _wrapper
    return bound_method(*args, **kwargs)
           ^^^^^^^^^^^^^^^^^^^^^^^^^^^^^
  File "F:\Workspace\concordnet\venv\Lib\site-packages\django\utils\decorators.py", line 134, in _wrapper_view
    response = view_func(request, *args, **kwargs)
               ^^^^^^^^^^^^^^^^^^^^^^^^^^^^^^^^^^^
  File "F:\Workspace\concordnet\venv\Lib\site-packages\django\utils\decorators.py", line 46, in _wrapper
    return bound_method(*args, **kwargs)
           ^^^^^^^^^^^^^^^^^^^^^^^^^^^^^
  File "F:\Workspace\concordnet\venv\Lib\site-packages\django\views\decorators\cache.py", line 62, in _wrapper_view_func
    response = view_func(request, *args, **kwargs)
               ^^^^^^^^^^^^^^^^^^^^^^^^^^^^^^^^^^^
  File "F:\Workspace\concordnet\venv\Lib\site-packages\django\contrib\auth\views.py", line 90, in dispatch
    return super().dispatch(request, *args, **kwargs)
           ^^^^^^^^^^^^^^^^^^^^^^^^^^^^^^^^^^^^^^^^^^
  File "F:\Workspace\concordnet\venv\Lib\site-packages\django\views\generic\base.py", line 143, in dispatch
    return handler(request, *args, **kwargs)
           ^^^^^^^^^^^^^^^^^^^^^^^^^^^^^^^^^
  File "F:\Workspace\concordnet\venv\Lib\site-packages\django\views\generic\edit.py", line 144, in get
    return self.render_to_response(self.get_context_data())
                                   ^^^^^^^^^^^^^^^^^^^^^^^
  File "F:\Workspace\concordnet\venv\Lib\site-packages\django\contrib\auth\views.py", line 114, in get_context_data
    current_site = get_current_site(self.request)
                   ^^^^^^^^^^^^^^^^^^^^^^^^^^^^^^
  File "F:\Workspace\concordnet\venv\Lib\site-packages\django\contrib\sites\shortcuts.py", line 16, in get_current_site
    return Site.objects.get_current(request)
           ^^^^^^^^^^^^^^^^^^^^^^^^^^^^^^^^^
  File "F:\Workspace\concordnet\venv\Lib\site-packages\django\contrib\sites\models.py", line 59, in get_current
    return self._get_site_by_id(site_id)
           ^^^^^^^^^^^^^^^^^^^^^^^^^^^^^
  File "F:\Workspace\concordnet\venv\Lib\site-packages\django\contrib\sites\models.py", line 30, in _get_site_by_id
    site = self.get(pk=site_id)
           ^^^^^^^^^^^^^^^^^^^^
  File "F:\Workspace\concordnet\venv\Lib\site-packages\django\db\models\manager.py", line 87, in manager_method
    return getattr(self.get_queryset(), name)(*args, **kwargs)
           ^^^^^^^^^^^^^^^^^^^^^^^^^^^^^^^^^^^^^^^^^^^^^^^^^^^
  File "F:\Workspace\concordnet\venv\Lib\site-packages\django\db\models\query.py", line 633, in get
    num = len(clone)
          ^^^^^^^^^^
  File "F:\Workspace\concordnet\venv\Lib\site-packages\django\db\models\query.py", line 380, in __len__
    self._fetch_all()
  File "F:\Workspace\concordnet\venv\Lib\site-packages\django\db\models\query.py", line 1881, in _fetch_all
    self._result_cache = list(self._iterable_class(self))
                         ^^^^^^^^^^^^^^^^^^^^^^^^^^^^^^^^
  File "F:\Workspace\concordnet\venv\Lib\site-packages\django\db\models\query.py", line 91, in __iter__
    results = compiler.execute_sql(
              ^^^^^^^^^^^^^^^^^^^^^
  File "F:\Workspace\concordnet\venv\Lib\site-packages\django\db\models\sql\compiler.py", line 1562, in execute_sql
    cursor.execute(sql, params)
  File "F:\Workspace\concordnet\venv\Lib\site-packages\django\db\backends\utils.py", line 102, in execute
    return super().execute(sql, params)
           ^^^^^^^^^^^^^^^^^^^^^^^^^^^^
  File "F:\Workspace\concordnet\venv\Lib\site-packages\django\db\backends\utils.py", line 67, in execute
    return self._execute_with_wrappers(
           ^^^^^^^^^^^^^^^^^^^^^^^^^^^^
  File "F:\Workspace\concordnet\venv\Lib\site-packages\django\db\backends\utils.py", line 80, in _execute_with_wrappers
    return executor(sql, params, many, context)
           ^^^^^^^^^^^^^^^^^^^^^^^^^^^^^^^^^^^^
  File "F:\Workspace\concordnet\venv\Lib\site-packages\django\db\backends\utils.py", line 84, in _execute
    with self.db.wrap_database_errors:
  File "F:\Workspace\concordnet\venv\Lib\site-packages\django\db\utils.py", line 91, in __exit__
    raise dj_exc_value.with_traceback(traceback) from exc_value
  File "F:\Workspace\concordnet\venv\Lib\site-packages\django\db\backends\utils.py", line 89, in _execute
    return self.cursor.execute(sql, params)
           ^^^^^^^^^^^^^^^^^^^^^^^^^^^^^^^^
django.db.utils.ProgrammingError: relation "django_site" does not exist
LINE 1: ..."django_site"."domain", "django_site"."name" FROM "django_si...
                                                             ^

2025-06-27 15:01:55,075 django.utils.autoreload INFO     F:\Workspace\concordnet\apps\users\admin.py changed, reloading.
2025-06-27 15:01:57,664 django.utils.autoreload INFO     Watching for file changes with StatReloader
2025-06-27 15:15:20,629 django.utils.autoreload INFO     F:\Workspace\concordnet\apps\users\models.py changed, reloading.
2025-06-27 15:15:26,484 django.utils.autoreload INFO     Watching for file changes with StatReloader
2025-06-27 15:32:32,711 django.utils.autoreload INFO     Watching for file changes with StatReloader
2025-06-27 15:35:29,072 django.utils.autoreload INFO     Watching for file changes with StatReloader
2025-06-27 15:36:14,972 django.utils.autoreload INFO     F:\Workspace\concordnet\apps\users\models.py changed, reloading.
2025-06-27 15:36:17,094 django.utils.autoreload INFO     Watching for file changes with StatReloader
2025-06-27 16:19:03,892 django.utils.autoreload INFO     Watching for file changes with StatReloader
2025-06-27 16:19:14,182 django.request WARNING  Not Found: /login/
2025-06-27 16:19:29,588 django.request WARNING  Not Found: /login/
2025-06-28 10:07:56,794 django.utils.autoreload INFO     F:\Workspace\concordnet\apps\users\forms.py changed, reloading.
2025-06-28 10:08:07,101 django.utils.autoreload INFO     Watching for file changes with StatReloader
2025-06-28 10:17:55,200 django.utils.autoreload INFO     Watching for file changes with StatReloader
2025-06-28 10:20:35,095 django.utils.autoreload INFO     F:\Workspace\concordnet\home\views.py changed, reloading.
2025-06-28 10:20:36,786 django.utils.autoreload INFO     Watching for file changes with StatReloader
2025-06-28 10:20:40,292 django.utils.autoreload INFO     F:\Workspace\concordnet\home\views.py changed, reloading.
2025-06-28 10:20:41,720 django.utils.autoreload INFO     Watching for file changes with StatReloader
2025-06-28 10:21:48,989 django.request WARNING  Not Found: /accounts/login/
2025-06-28 10:22:03,402 django.request WARNING  Not Found: /accounts/login/
2025-06-28 10:23:32,367 django.security.csrf WARNING  Forbidden (CSRF token from POST incorrect.): /login/
2025-06-28 11:08:49,777 django.utils.autoreload INFO     F:\Workspace\concordnet\concordnet\settings.py changed, reloading.
2025-06-28 11:08:52,367 django.utils.autoreload INFO     Watching for file changes with StatReloader
2025-06-28 11:12:39,905 django.security.csrf WARNING  Forbidden (Origin checking failed - https://0329-41-79-8-21.ngrok-free.app does not match any trusted origins.): /login/
2025-06-28 11:12:59,279 django.request WARNING  Not Found: /accounts/login/
2025-06-28 11:13:05,283 django.request WARNING  Not Found: /accounts/login/
2025-06-28 11:13:33,257 django.request WARNING  Not Found: /accounts/login/
2025-06-28 11:13:47,357 django.request WARNING  Not Found: /accounts/login/
2025-06-28 11:14:11,127 django.request WARNING  Not Found: /accounts/login/
2025-06-28 11:17:23,509 django.security.csrf WARNING  Forbidden (Origin checking failed - https://0329-41-79-8-21.ngrok-free.app does not match any trusted origins.): /login/
2025-06-28 11:17:59,152 django.utils.autoreload INFO     F:\Workspace\concordnet\concordnet\settings.py changed, reloading.
2025-06-28 11:18:01,210 django.utils.autoreload INFO     Watching for file changes with StatReloader
2025-06-28 11:45:12,775 django.utils.autoreload INFO     F:\Workspace\concordnet\concordnet\urls.py changed, reloading.
2025-06-28 11:45:15,056 django.utils.autoreload INFO     Watching for file changes with StatReloader
2025-06-28 11:48:10,597 django.utils.autoreload INFO     F:\Workspace\concordnet\concordnet\settings.py changed, reloading.
2025-06-28 11:48:13,133 django.utils.autoreload INFO     Watching for file changes with StatReloader
2025-06-28 11:52:22,877 django.utils.autoreload INFO     F:\Workspace\concordnet\apps\users\views.py changed, reloading.
2025-06-28 11:52:24,865 django.utils.autoreload INFO     Watching for file changes with StatReloader
2025-06-28 12:16:08,331 django.request WARNING  Not Found: /accounts/login/
2025-06-28 12:16:16,236 django.request WARNING  Not Found: /accounts/login/
2025-06-28 19:08:22,877 django.request WARNING  Not Found: /accounts/login/
2025-06-28 19:08:23,836 django.request WARNING  Not Found: /favicon.ico
2025-06-28 19:08:31,502 django.request WARNING  Not Found: /accounts/login/
2025-06-30 09:56:14,769 django.request WARNING  Not Found: /accounts/login/
2025-06-30 10:17:49,040 django.utils.autoreload INFO     Watching for file changes with StatReloader
2025-06-30 10:18:47,075 django.utils.autoreload INFO     F:\Workspace\concordnet\apps\products\models.py changed, reloading.
2025-06-30 10:18:48,965 django.utils.autoreload INFO     Watching for file changes with StatReloader
2025-06-30 10:19:36,140 django.utils.autoreload INFO     F:\Workspace\concordnet\apps\products\models.py changed, reloading.
2025-06-30 10:19:38,058 django.utils.autoreload INFO     Watching for file changes with StatReloader
2025-06-30 10:23:09,456 django.utils.autoreload INFO     F:\Workspace\concordnet\apps\products\admin.py changed, reloading.
2025-06-30 10:23:11,912 django.utils.autoreload INFO     Watching for file changes with StatReloader
2025-06-30 10:23:17,967 django.utils.autoreload INFO     F:\Workspace\concordnet\apps\products\admin.py changed, reloading.
2025-06-30 10:23:19,760 django.utils.autoreload INFO     Watching for file changes with StatReloader
2025-06-30 10:23:24,305 django.utils.autoreload INFO     F:\Workspace\concordnet\apps\products\admin.py changed, reloading.
2025-06-30 10:23:26,082 django.utils.autoreload INFO     Watching for file changes with StatReloader
2025-06-30 10:23:30,579 django.utils.autoreload INFO     F:\Workspace\concordnet\apps\products\admin.py changed, reloading.
2025-06-30 10:23:32,173 django.utils.autoreload INFO     Watching for file changes with StatReloader
2025-06-30 10:28:26,361 django.utils.autoreload INFO     F:\Workspace\concordnet\concordnet\settings.py changed, reloading.
2025-06-30 10:28:28,025 django.utils.autoreload INFO     Watching for file changes with StatReloader
2025-06-30 10:29:56,131 django.utils.autoreload INFO     F:\Workspace\concordnet\concordnet\urls.py changed, reloading.
2025-06-30 10:29:57,882 django.utils.autoreload INFO     Watching for file changes with StatReloader
2025-06-30 10:30:10,437 django.utils.autoreload INFO     F:\Workspace\concordnet\concordnet\urls.py changed, reloading.
2025-06-30 10:30:12,232 django.utils.autoreload INFO     Watching for file changes with StatReloader
2025-06-30 10:30:45,011 django.utils.autoreload INFO     Watching for file changes with StatReloader
2025-06-30 10:38:54,005 django.utils.autoreload INFO     F:\Workspace\concordnet\apps\products\admin.py changed, reloading.
2025-06-30 10:38:56,184 django.utils.autoreload INFO     Watching for file changes with StatReloader
2025-06-30 10:39:00,809 django.utils.autoreload INFO     F:\Workspace\concordnet\apps\products\admin.py changed, reloading.
2025-06-30 10:39:02,652 django.utils.autoreload INFO     Watching for file changes with StatReloader
2025-06-30 13:59:52,666 django.utils.autoreload INFO     F:\Workspace\concordnet\concordnet\urls.py changed, reloading.
2025-06-30 14:02:22,960 django.utils.autoreload INFO     Watching for file changes with StatReloader
2025-06-30 14:06:16,483 django.utils.autoreload INFO     Watching for file changes with StatReloader
2025-06-30 14:07:00,960 django.utils.autoreload INFO     Watching for file changes with StatReloader
2025-06-30 14:09:02,236 django.utils.autoreload INFO     Watching for file changes with StatReloader
2025-06-30 14:09:45,752 django.utils.autoreload INFO     Watching for file changes with StatReloader
2025-06-30 14:10:55,183 django.request ERROR    Internal Server Error: /shop/
Traceback (most recent call last):
  File "F:\Workspace\concordnet\venv\Lib\site-packages\django\core\handlers\exception.py", line 55, in inner
    response = get_response(request)
               ^^^^^^^^^^^^^^^^^^^^^
  File "F:\Workspace\concordnet\venv\Lib\site-packages\django\core\handlers\base.py", line 204, in _get_response
    self.check_response(response, callback)
  File "F:\Workspace\concordnet\venv\Lib\site-packages\django\core\handlers\base.py", line 332, in check_response
    raise ValueError(
ValueError: The view apps.products.views.product_list didn't return an HttpResponse object. It returned None instead.
2025-06-30 14:13:17,062 django.utils.autoreload INFO     F:\Workspace\concordnet\apps\products\views.py changed, reloading.
2025-06-30 14:13:19,332 django.utils.autoreload INFO     Watching for file changes with StatReloader
2025-06-30 14:13:28,397 django.request ERROR    Internal Server Error: /shop/
Traceback (most recent call last):
  File "F:\Workspace\concordnet\venv\Lib\site-packages\django\core\handlers\exception.py", line 55, in inner
    response = get_response(request)
               ^^^^^^^^^^^^^^^^^^^^^
  File "F:\Workspace\concordnet\venv\Lib\site-packages\django\core\handlers\base.py", line 197, in _get_response
    response = wrapped_callback(request, *callback_args, **callback_kwargs)
               ^^^^^^^^^^^^^^^^^^^^^^^^^^^^^^^^^^^^^^^^^^^^^^^^^^^^^^^^^^^^
  File "F:\Workspace\concordnet\apps\products\views.py", line 15, in product_list
    return render(request, "pages/product_list.html", {
           ^^^^^^^^^^^^^^^^^^^^^^^^^^^^^^^^^^^^^^^^^^^^
  File "F:\Workspace\concordnet\venv\Lib\site-packages\django\shortcuts.py", line 24, in render
    content = loader.render_to_string(template_name, context, request, using=using)
              ^^^^^^^^^^^^^^^^^^^^^^^^^^^^^^^^^^^^^^^^^^^^^^^^^^^^^^^^^^^^^^^^^^^^^
  File "F:\Workspace\concordnet\venv\Lib\site-packages\django\template\loader.py", line 62, in render_to_string
    return template.render(context, request)
           ^^^^^^^^^^^^^^^^^^^^^^^^^^^^^^^^^
  File "F:\Workspace\concordnet\venv\Lib\site-packages\django\template\backends\django.py", line 61, in render
    return self.template.render(context)
           ^^^^^^^^^^^^^^^^^^^^^^^^^^^^^
  File "F:\Workspace\concordnet\venv\Lib\site-packages\django\template\base.py", line 175, in render
    return self._render(context)
           ^^^^^^^^^^^^^^^^^^^^^
  File "F:\Workspace\concordnet\venv\Lib\site-packages\django\template\base.py", line 167, in _render
    return self.nodelist.render(context)
           ^^^^^^^^^^^^^^^^^^^^^^^^^^^^^
  File "F:\Workspace\concordnet\venv\Lib\site-packages\django\template\base.py", line 1005, in render
    return SafeString("".join([node.render_annotated(context) for node in self]))
                               ^^^^^^^^^^^^^^^^^^^^^^^^^^^^^^
  File "F:\Workspace\concordnet\venv\Lib\site-packages\django\template\base.py", line 966, in render_annotated
    return self.render(context)
           ^^^^^^^^^^^^^^^^^^^^
  File "F:\Workspace\concordnet\venv\Lib\site-packages\django\template\loader_tags.py", line 157, in render
    return compiled_parent._render(context)
           ^^^^^^^^^^^^^^^^^^^^^^^^^^^^^^^^
  File "F:\Workspace\concordnet\venv\Lib\site-packages\django\template\base.py", line 167, in _render
    return self.nodelist.render(context)
           ^^^^^^^^^^^^^^^^^^^^^^^^^^^^^
  File "F:\Workspace\concordnet\venv\Lib\site-packages\django\template\base.py", line 1005, in render
    return SafeString("".join([node.render_annotated(context) for node in self]))
                               ^^^^^^^^^^^^^^^^^^^^^^^^^^^^^^
  File "F:\Workspace\concordnet\venv\Lib\site-packages\django\template\base.py", line 966, in render_annotated
    return self.render(context)
           ^^^^^^^^^^^^^^^^^^^^
  File "F:\Workspace\concordnet\venv\Lib\site-packages\django\template\loader_tags.py", line 63, in render
    result = block.nodelist.render(context)
             ^^^^^^^^^^^^^^^^^^^^^^^^^^^^^^
  File "F:\Workspace\concordnet\venv\Lib\site-packages\django\template\base.py", line 1005, in render
    return SafeString("".join([node.render_annotated(context) for node in self]))
                               ^^^^^^^^^^^^^^^^^^^^^^^^^^^^^^
  File "F:\Workspace\concordnet\venv\Lib\site-packages\django\template\base.py", line 966, in render_annotated
    return self.render(context)
           ^^^^^^^^^^^^^^^^^^^^
  File "F:\Workspace\concordnet\venv\Lib\site-packages\django\template\defaulttags.py", line 471, in render
    url = reverse(view_name, args=args, kwargs=kwargs, current_app=current_app)
          ^^^^^^^^^^^^^^^^^^^^^^^^^^^^^^^^^^^^^^^^^^^^^^^^^^^^^^^^^^^^^^^^^^^^^
  File "F:\Workspace\concordnet\venv\Lib\site-packages\django\urls\base.py", line 88, in reverse
    return resolver._reverse_with_prefix(view, prefix, *args, **kwargs)
           ^^^^^^^^^^^^^^^^^^^^^^^^^^^^^^^^^^^^^^^^^^^^^^^^^^^^^^^^^^^^
  File "F:\Workspace\concordnet\venv\Lib\site-packages\django\urls\resolvers.py", line 828, in _reverse_with_prefix
    raise NoReverseMatch(msg)
django.urls.exceptions.NoReverseMatch: Reverse for 'product_list' not found. 'product_list' is not a valid view function or pattern name.
2025-06-30 15:58:53,222 django.utils.autoreload INFO     F:\Workspace\concordnet\apps\products\views.py changed, reloading.
2025-06-30 15:59:06,224 django.utils.autoreload INFO     Watching for file changes with StatReloader
2025-06-30 15:59:49,959 django.utils.autoreload INFO     F:\Workspace\concordnet\apps\products\urls.py changed, reloading.
2025-06-30 15:59:51,967 django.utils.autoreload INFO     Watching for file changes with StatReloader
2025-06-30 16:00:29,628 django.utils.autoreload INFO     F:\Workspace\concordnet\concordnet\urls.py changed, reloading.
2025-06-30 16:00:31,207 django.utils.autoreload INFO     Watching for file changes with StatReloader
2025-06-30 16:01:10,289 django.utils.autoreload INFO     F:\Workspace\concordnet\concordnet\urls.py changed, reloading.
2025-06-30 16:01:11,946 django.utils.autoreload INFO     Watching for file changes with StatReloader
2025-06-30 16:13:35,277 django.request ERROR    Internal Server Error: /shop/shop/drone-irrigation/
Traceback (most recent call last):
  File "F:\Workspace\concordnet\venv\Lib\site-packages\django\core\handlers\exception.py", line 55, in inner
    response = get_response(request)
               ^^^^^^^^^^^^^^^^^^^^^
  File "F:\Workspace\concordnet\venv\Lib\site-packages\django\core\handlers\base.py", line 197, in _get_response
    response = wrapped_callback(request, *callback_args, **callback_kwargs)
               ^^^^^^^^^^^^^^^^^^^^^^^^^^^^^^^^^^^^^^^^^^^^^^^^^^^^^^^^^^^^
  File "F:\Workspace\concordnet\apps\products\views.py", line 24, in product_detail
    return render(request, "shop/product_detail.html", {"product": product})
           ^^^^^^^^^^^^^^^^^^^^^^^^^^^^^^^^^^^^^^^^^^^^^^^^^^^^^^^^^^^^^^^^^
  File "F:\Workspace\concordnet\venv\Lib\site-packages\django\shortcuts.py", line 24, in render
    content = loader.render_to_string(template_name, context, request, using=using)
              ^^^^^^^^^^^^^^^^^^^^^^^^^^^^^^^^^^^^^^^^^^^^^^^^^^^^^^^^^^^^^^^^^^^^^
  File "F:\Workspace\concordnet\venv\Lib\site-packages\django\template\loader.py", line 61, in render_to_string
    template = get_template(template_name, using=using)
               ^^^^^^^^^^^^^^^^^^^^^^^^^^^^^^^^^^^^^^^^
  File "F:\Workspace\concordnet\venv\Lib\site-packages\django\template\loader.py", line 19, in get_template
    raise TemplateDoesNotExist(template_name, chain=chain)
django.template.exceptions.TemplateDoesNotExist: shop/product_detail.html
2025-06-30 16:13:59,131 django.utils.autoreload INFO     F:\Workspace\concordnet\apps\products\views.py changed, reloading.
2025-06-30 16:14:10,172 django.utils.autoreload INFO     Watching for file changes with StatReloader
2025-06-30 16:28:13,588 django.request WARNING  Not Found: /accounts/login/
2025-06-30 16:28:14,943 django.request WARNING  Not Found: /favicon.ico
2025-07-01 09:16:46,272 django.utils.autoreload INFO     Watching for file changes with StatReloader
2025-07-01 09:23:09,124 django.request WARNING  Not Found: /favicon.ico
2025-07-01 09:38:06,716 django.request WARNING  Not Found: /accounts/login/
2025-07-01 09:38:07,738 django.request WARNING  Not Found: /favicon.ico
2025-07-01 10:17:22,706 django.utils.autoreload INFO     F:\Workspace\concordnet\apps\products\views.py changed, reloading.
2025-07-01 10:19:41,725 django.utils.autoreload INFO     Watching for file changes with StatReloader
2025-07-01 10:41:20,285 django.utils.autoreload INFO     F:\Workspace\concordnet\concordnet\settings.py changed, reloading.
2025-07-01 10:43:14,206 django.utils.autoreload INFO     Watching for file changes with StatReloader
2025-07-01 11:38:22,957 django.utils.autoreload INFO     F:\Workspace\concordnet\apps\products\views.py changed, reloading.
2025-07-01 11:38:25,826 django.utils.autoreload INFO     Watching for file changes with StatReloader
2025-07-01 11:38:33,358 django.utils.autoreload INFO     F:\Workspace\concordnet\apps\products\urls.py changed, reloading.
2025-07-01 11:38:35,284 django.utils.autoreload INFO     Watching for file changes with StatReloader
2025-07-01 12:40:40,784 django.request ERROR    Internal Server Error: /shop/shop/drone-irrigation/
Traceback (most recent call last):
  File "F:\Workspace\concordnet\venv\Lib\site-packages\django\urls\base.py", line 71, in reverse
    extra, resolver = resolver.namespace_dict[ns]
                      ~~~~~~~~~~~~~~~~~~~~~~~^^^^
KeyError: 'products'

During handling of the above exception, another exception occurred:

Traceback (most recent call last):
  File "F:\Workspace\concordnet\venv\Lib\site-packages\django\core\handlers\exception.py", line 55, in inner
    response = get_response(request)
               ^^^^^^^^^^^^^^^^^^^^^
  File "F:\Workspace\concordnet\venv\Lib\site-packages\django\core\handlers\base.py", line 197, in _get_response
    response = wrapped_callback(request, *callback_args, **callback_kwargs)
               ^^^^^^^^^^^^^^^^^^^^^^^^^^^^^^^^^^^^^^^^^^^^^^^^^^^^^^^^^^^^
  File "F:\Workspace\concordnet\apps\products\views.py", line 26, in product_detail
    return render(request, "pages/product_detail.html", {"product": product})
           ^^^^^^^^^^^^^^^^^^^^^^^^^^^^^^^^^^^^^^^^^^^^^^^^^^^^^^^^^^^^^^^^^^
  File "F:\Workspace\concordnet\venv\Lib\site-packages\django\shortcuts.py", line 24, in render
    content = loader.render_to_string(template_name, context, request, using=using)
              ^^^^^^^^^^^^^^^^^^^^^^^^^^^^^^^^^^^^^^^^^^^^^^^^^^^^^^^^^^^^^^^^^^^^^
  File "F:\Workspace\concordnet\venv\Lib\site-packages\django\template\loader.py", line 62, in render_to_string
    return template.render(context, request)
           ^^^^^^^^^^^^^^^^^^^^^^^^^^^^^^^^^
  File "F:\Workspace\concordnet\venv\Lib\site-packages\django\template\backends\django.py", line 61, in render
    return self.template.render(context)
           ^^^^^^^^^^^^^^^^^^^^^^^^^^^^^
  File "F:\Workspace\concordnet\venv\Lib\site-packages\django\template\base.py", line 175, in render
    return self._render(context)
           ^^^^^^^^^^^^^^^^^^^^^
  File "F:\Workspace\concordnet\venv\Lib\site-packages\django\template\base.py", line 167, in _render
    return self.nodelist.render(context)
           ^^^^^^^^^^^^^^^^^^^^^^^^^^^^^
  File "F:\Workspace\concordnet\venv\Lib\site-packages\django\template\base.py", line 1005, in render
    return SafeString("".join([node.render_annotated(context) for node in self]))
                               ^^^^^^^^^^^^^^^^^^^^^^^^^^^^^^
  File "F:\Workspace\concordnet\venv\Lib\site-packages\django\template\base.py", line 966, in render_annotated
    return self.render(context)
           ^^^^^^^^^^^^^^^^^^^^
  File "F:\Workspace\concordnet\venv\Lib\site-packages\django\template\loader_tags.py", line 157, in render
    return compiled_parent._render(context)
           ^^^^^^^^^^^^^^^^^^^^^^^^^^^^^^^^
  File "F:\Workspace\concordnet\venv\Lib\site-packages\django\template\base.py", line 167, in _render
    return self.nodelist.render(context)
           ^^^^^^^^^^^^^^^^^^^^^^^^^^^^^
  File "F:\Workspace\concordnet\venv\Lib\site-packages\django\template\base.py", line 1005, in render
    return SafeString("".join([node.render_annotated(context) for node in self]))
                               ^^^^^^^^^^^^^^^^^^^^^^^^^^^^^^
  File "F:\Workspace\concordnet\venv\Lib\site-packages\django\template\base.py", line 966, in render_annotated
    return self.render(context)
           ^^^^^^^^^^^^^^^^^^^^
  File "F:\Workspace\concordnet\venv\Lib\site-packages\django\template\loader_tags.py", line 63, in render
    result = block.nodelist.render(context)
             ^^^^^^^^^^^^^^^^^^^^^^^^^^^^^^
  File "F:\Workspace\concordnet\venv\Lib\site-packages\django\template\base.py", line 1005, in render
    return SafeString("".join([node.render_annotated(context) for node in self]))
                               ^^^^^^^^^^^^^^^^^^^^^^^^^^^^^^
  File "F:\Workspace\concordnet\venv\Lib\site-packages\django\template\base.py", line 966, in render_annotated
    return self.render(context)
           ^^^^^^^^^^^^^^^^^^^^
  File "F:\Workspace\concordnet\venv\Lib\site-packages\django\template\defaulttags.py", line 471, in render
    url = reverse(view_name, args=args, kwargs=kwargs, current_app=current_app)
          ^^^^^^^^^^^^^^^^^^^^^^^^^^^^^^^^^^^^^^^^^^^^^^^^^^^^^^^^^^^^^^^^^^^^^
  File "F:\Workspace\concordnet\venv\Lib\site-packages\django\urls\base.py", line 82, in reverse
    raise NoReverseMatch("%s is not a registered namespace" % key)
django.urls.exceptions.NoReverseMatch: 'products' is not a registered namespace
2025-07-01 12:41:41,365 django.utils.autoreload INFO     F:\Workspace\concordnet\apps\products\views.py changed, reloading.
2025-07-01 12:41:46,701 django.utils.autoreload INFO     Watching for file changes with StatReloader
2025-07-01 12:42:33,195 django.request WARNING  Not Found: /shop/cart/
2025-07-01 12:50:30,207 django.utils.autoreload INFO     F:\Workspace\concordnet\apps\products\urls.py changed, reloading.
2025-07-01 12:50:32,205 django.utils.autoreload INFO     Watching for file changes with StatReloader
2025-07-01 12:56:55,372 django.utils.autoreload INFO     F:\Workspace\concordnet\apps\products\urls.py changed, reloading.
2025-07-01 12:56:58,168 django.utils.autoreload INFO     Watching for file changes with StatReloader
2025-07-01 12:57:05,133 django.request ERROR    Internal Server Error: /shop/cart
Traceback (most recent call last):
  File "F:\Workspace\concordnet\venv\Lib\site-packages\django\urls\base.py", line 71, in reverse
    extra, resolver = resolver.namespace_dict[ns]
                      ~~~~~~~~~~~~~~~~~~~~~~~^^^^
KeyError: 'cart'

During handling of the above exception, another exception occurred:

Traceback (most recent call last):
  File "F:\Workspace\concordnet\venv\Lib\site-packages\django\core\handlers\exception.py", line 55, in inner
    response = get_response(request)
               ^^^^^^^^^^^^^^^^^^^^^
  File "F:\Workspace\concordnet\venv\Lib\site-packages\django\core\handlers\base.py", line 197, in _get_response
    response = wrapped_callback(request, *callback_args, **callback_kwargs)
               ^^^^^^^^^^^^^^^^^^^^^^^^^^^^^^^^^^^^^^^^^^^^^^^^^^^^^^^^^^^^
  File "F:\Workspace\concordnet\apps\products\views.py", line 103, in cart_detail
    return render(request, "pages/cart_detail.html", {"cart": cart})
           ^^^^^^^^^^^^^^^^^^^^^^^^^^^^^^^^^^^^^^^^^^^^^^^^^^^^^^^^^
  File "F:\Workspace\concordnet\venv\Lib\site-packages\django\shortcuts.py", line 24, in render
    content = loader.render_to_string(template_name, context, request, using=using)
              ^^^^^^^^^^^^^^^^^^^^^^^^^^^^^^^^^^^^^^^^^^^^^^^^^^^^^^^^^^^^^^^^^^^^^
  File "F:\Workspace\concordnet\venv\Lib\site-packages\django\template\loader.py", line 62, in render_to_string
    return template.render(context, request)
           ^^^^^^^^^^^^^^^^^^^^^^^^^^^^^^^^^
  File "F:\Workspace\concordnet\venv\Lib\site-packages\django\template\backends\django.py", line 61, in render
    return self.template.render(context)
           ^^^^^^^^^^^^^^^^^^^^^^^^^^^^^
  File "F:\Workspace\concordnet\venv\Lib\site-packages\django\template\base.py", line 175, in render
    return self._render(context)
           ^^^^^^^^^^^^^^^^^^^^^
  File "F:\Workspace\concordnet\venv\Lib\site-packages\django\template\base.py", line 167, in _render
    return self.nodelist.render(context)
           ^^^^^^^^^^^^^^^^^^^^^^^^^^^^^
  File "F:\Workspace\concordnet\venv\Lib\site-packages\django\template\base.py", line 1005, in render
    return SafeString("".join([node.render_annotated(context) for node in self]))
                               ^^^^^^^^^^^^^^^^^^^^^^^^^^^^^^
  File "F:\Workspace\concordnet\venv\Lib\site-packages\django\template\base.py", line 966, in render_annotated
    return self.render(context)
           ^^^^^^^^^^^^^^^^^^^^
  File "F:\Workspace\concordnet\venv\Lib\site-packages\django\template\loader_tags.py", line 157, in render
    return compiled_parent._render(context)
           ^^^^^^^^^^^^^^^^^^^^^^^^^^^^^^^^
  File "F:\Workspace\concordnet\venv\Lib\site-packages\django\template\base.py", line 167, in _render
    return self.nodelist.render(context)
           ^^^^^^^^^^^^^^^^^^^^^^^^^^^^^
  File "F:\Workspace\concordnet\venv\Lib\site-packages\django\template\base.py", line 1005, in render
    return SafeString("".join([node.render_annotated(context) for node in self]))
                               ^^^^^^^^^^^^^^^^^^^^^^^^^^^^^^
  File "F:\Workspace\concordnet\venv\Lib\site-packages\django\template\base.py", line 966, in render_annotated
    return self.render(context)
           ^^^^^^^^^^^^^^^^^^^^
  File "F:\Workspace\concordnet\venv\Lib\site-packages\django\template\loader_tags.py", line 63, in render
    result = block.nodelist.render(context)
             ^^^^^^^^^^^^^^^^^^^^^^^^^^^^^^
  File "F:\Workspace\concordnet\venv\Lib\site-packages\django\template\base.py", line 1005, in render
    return SafeString("".join([node.render_annotated(context) for node in self]))
                               ^^^^^^^^^^^^^^^^^^^^^^^^^^^^^^
  File "F:\Workspace\concordnet\venv\Lib\site-packages\django\template\base.py", line 966, in render_annotated
    return self.render(context)
           ^^^^^^^^^^^^^^^^^^^^
  File "F:\Workspace\concordnet\venv\Lib\site-packages\django\template\defaulttags.py", line 238, in render
    nodelist.append(node.render_annotated(context))
                    ^^^^^^^^^^^^^^^^^^^^^^^^^^^^^^
  File "F:\Workspace\concordnet\venv\Lib\site-packages\django\template\base.py", line 966, in render_annotated
    return self.render(context)
           ^^^^^^^^^^^^^^^^^^^^
  File "F:\Workspace\concordnet\venv\Lib\site-packages\django\template\defaulttags.py", line 471, in render
    url = reverse(view_name, args=args, kwargs=kwargs, current_app=current_app)
          ^^^^^^^^^^^^^^^^^^^^^^^^^^^^^^^^^^^^^^^^^^^^^^^^^^^^^^^^^^^^^^^^^^^^^
  File "F:\Workspace\concordnet\venv\Lib\site-packages\django\urls\base.py", line 82, in reverse
    raise NoReverseMatch("%s is not a registered namespace" % key)
django.urls.exceptions.NoReverseMatch: 'cart' is not a registered namespace
2025-07-01 12:58:23,099 django.request ERROR    Internal Server Error: /shop/cart
Traceback (most recent call last):
  File "F:\Workspace\concordnet\venv\Lib\site-packages\django\core\handlers\exception.py", line 55, in inner
    response = get_response(request)
               ^^^^^^^^^^^^^^^^^^^^^
  File "F:\Workspace\concordnet\venv\Lib\site-packages\django\core\handlers\base.py", line 197, in _get_response
    response = wrapped_callback(request, *callback_args, **callback_kwargs)
               ^^^^^^^^^^^^^^^^^^^^^^^^^^^^^^^^^^^^^^^^^^^^^^^^^^^^^^^^^^^^
  File "F:\Workspace\concordnet\apps\products\views.py", line 103, in cart_detail
    return render(request, "pages/cart_detail.html", {"cart": cart})
           ^^^^^^^^^^^^^^^^^^^^^^^^^^^^^^^^^^^^^^^^^^^^^^^^^^^^^^^^^
  File "F:\Workspace\concordnet\venv\Lib\site-packages\django\shortcuts.py", line 24, in render
    content = loader.render_to_string(template_name, context, request, using=using)
              ^^^^^^^^^^^^^^^^^^^^^^^^^^^^^^^^^^^^^^^^^^^^^^^^^^^^^^^^^^^^^^^^^^^^^
  File "F:\Workspace\concordnet\venv\Lib\site-packages\django\template\loader.py", line 62, in render_to_string
    return template.render(context, request)
           ^^^^^^^^^^^^^^^^^^^^^^^^^^^^^^^^^
  File "F:\Workspace\concordnet\venv\Lib\site-packages\django\template\backends\django.py", line 61, in render
    return self.template.render(context)
           ^^^^^^^^^^^^^^^^^^^^^^^^^^^^^
  File "F:\Workspace\concordnet\venv\Lib\site-packages\django\template\base.py", line 175, in render
    return self._render(context)
           ^^^^^^^^^^^^^^^^^^^^^
  File "F:\Workspace\concordnet\venv\Lib\site-packages\django\template\base.py", line 167, in _render
    return self.nodelist.render(context)
           ^^^^^^^^^^^^^^^^^^^^^^^^^^^^^
  File "F:\Workspace\concordnet\venv\Lib\site-packages\django\template\base.py", line 1005, in render
    return SafeString("".join([node.render_annotated(context) for node in self]))
                               ^^^^^^^^^^^^^^^^^^^^^^^^^^^^^^
  File "F:\Workspace\concordnet\venv\Lib\site-packages\django\template\base.py", line 966, in render_annotated
    return self.render(context)
           ^^^^^^^^^^^^^^^^^^^^
  File "F:\Workspace\concordnet\venv\Lib\site-packages\django\template\loader_tags.py", line 157, in render
    return compiled_parent._render(context)
           ^^^^^^^^^^^^^^^^^^^^^^^^^^^^^^^^
  File "F:\Workspace\concordnet\venv\Lib\site-packages\django\template\base.py", line 167, in _render
    return self.nodelist.render(context)
           ^^^^^^^^^^^^^^^^^^^^^^^^^^^^^
  File "F:\Workspace\concordnet\venv\Lib\site-packages\django\template\base.py", line 1005, in render
    return SafeString("".join([node.render_annotated(context) for node in self]))
                               ^^^^^^^^^^^^^^^^^^^^^^^^^^^^^^
  File "F:\Workspace\concordnet\venv\Lib\site-packages\django\template\base.py", line 966, in render_annotated
    return self.render(context)
           ^^^^^^^^^^^^^^^^^^^^
  File "F:\Workspace\concordnet\venv\Lib\site-packages\django\template\loader_tags.py", line 63, in render
    result = block.nodelist.render(context)
             ^^^^^^^^^^^^^^^^^^^^^^^^^^^^^^
  File "F:\Workspace\concordnet\venv\Lib\site-packages\django\template\base.py", line 1005, in render
    return SafeString("".join([node.render_annotated(context) for node in self]))
                               ^^^^^^^^^^^^^^^^^^^^^^^^^^^^^^
  File "F:\Workspace\concordnet\venv\Lib\site-packages\django\template\base.py", line 966, in render_annotated
    return self.render(context)
           ^^^^^^^^^^^^^^^^^^^^
  File "F:\Workspace\concordnet\venv\Lib\site-packages\django\template\defaulttags.py", line 238, in render
    nodelist.append(node.render_annotated(context))
                    ^^^^^^^^^^^^^^^^^^^^^^^^^^^^^^
  File "F:\Workspace\concordnet\venv\Lib\site-packages\django\template\base.py", line 966, in render_annotated
    return self.render(context)
           ^^^^^^^^^^^^^^^^^^^^
  File "F:\Workspace\concordnet\venv\Lib\site-packages\django\template\defaulttags.py", line 471, in render
    url = reverse(view_name, args=args, kwargs=kwargs, current_app=current_app)
          ^^^^^^^^^^^^^^^^^^^^^^^^^^^^^^^^^^^^^^^^^^^^^^^^^^^^^^^^^^^^^^^^^^^^^
  File "F:\Workspace\concordnet\venv\Lib\site-packages\django\urls\base.py", line 88, in reverse
    return resolver._reverse_with_prefix(view, prefix, *args, **kwargs)
           ^^^^^^^^^^^^^^^^^^^^^^^^^^^^^^^^^^^^^^^^^^^^^^^^^^^^^^^^^^^^
  File "F:\Workspace\concordnet\venv\Lib\site-packages\django\urls\resolvers.py", line 828, in _reverse_with_prefix
    raise NoReverseMatch(msg)
django.urls.exceptions.NoReverseMatch: Reverse for 'cart_remove' with keyword arguments '{'product_id': ''}' not found. 1 pattern(s) tried: ['shop/remove/(?P<product_id>[0-9]+)/\\Z']
2025-07-01 13:04:48,668 django.request ERROR    Internal Server Error: /shop/cart
Traceback (most recent call last):
  File "F:\Workspace\concordnet\venv\Lib\site-packages\django\urls\base.py", line 71, in reverse
    extra, resolver = resolver.namespace_dict[ns]
                      ~~~~~~~~~~~~~~~~~~~~~~~^^^^
KeyError: 'cart'

During handling of the above exception, another exception occurred:

Traceback (most recent call last):
  File "F:\Workspace\concordnet\venv\Lib\site-packages\django\core\handlers\exception.py", line 55, in inner
    response = get_response(request)
               ^^^^^^^^^^^^^^^^^^^^^
  File "F:\Workspace\concordnet\venv\Lib\site-packages\django\core\handlers\base.py", line 197, in _get_response
    response = wrapped_callback(request, *callback_args, **callback_kwargs)
               ^^^^^^^^^^^^^^^^^^^^^^^^^^^^^^^^^^^^^^^^^^^^^^^^^^^^^^^^^^^^
  File "F:\Workspace\concordnet\apps\products\views.py", line 103, in cart_detail
    return render(request, "pages/cart_detail.html", {"cart": cart})
           ^^^^^^^^^^^^^^^^^^^^^^^^^^^^^^^^^^^^^^^^^^^^^^^^^^^^^^^^^
  File "F:\Workspace\concordnet\venv\Lib\site-packages\django\shortcuts.py", line 24, in render
    content = loader.render_to_string(template_name, context, request, using=using)
              ^^^^^^^^^^^^^^^^^^^^^^^^^^^^^^^^^^^^^^^^^^^^^^^^^^^^^^^^^^^^^^^^^^^^^
  File "F:\Workspace\concordnet\venv\Lib\site-packages\django\template\loader.py", line 62, in render_to_string
    return template.render(context, request)
           ^^^^^^^^^^^^^^^^^^^^^^^^^^^^^^^^^
  File "F:\Workspace\concordnet\venv\Lib\site-packages\django\template\backends\django.py", line 61, in render
    return self.template.render(context)
           ^^^^^^^^^^^^^^^^^^^^^^^^^^^^^
  File "F:\Workspace\concordnet\venv\Lib\site-packages\django\template\base.py", line 175, in render
    return self._render(context)
           ^^^^^^^^^^^^^^^^^^^^^
  File "F:\Workspace\concordnet\venv\Lib\site-packages\django\template\base.py", line 167, in _render
    return self.nodelist.render(context)
           ^^^^^^^^^^^^^^^^^^^^^^^^^^^^^
  File "F:\Workspace\concordnet\venv\Lib\site-packages\django\template\base.py", line 1005, in render
    return SafeString("".join([node.render_annotated(context) for node in self]))
                               ^^^^^^^^^^^^^^^^^^^^^^^^^^^^^^
  File "F:\Workspace\concordnet\venv\Lib\site-packages\django\template\base.py", line 966, in render_annotated
    return self.render(context)
           ^^^^^^^^^^^^^^^^^^^^
  File "F:\Workspace\concordnet\venv\Lib\site-packages\django\template\loader_tags.py", line 157, in render
    return compiled_parent._render(context)
           ^^^^^^^^^^^^^^^^^^^^^^^^^^^^^^^^
  File "F:\Workspace\concordnet\venv\Lib\site-packages\django\template\base.py", line 167, in _render
    return self.nodelist.render(context)
           ^^^^^^^^^^^^^^^^^^^^^^^^^^^^^
  File "F:\Workspace\concordnet\venv\Lib\site-packages\django\template\base.py", line 1005, in render
    return SafeString("".join([node.render_annotated(context) for node in self]))
                               ^^^^^^^^^^^^^^^^^^^^^^^^^^^^^^
  File "F:\Workspace\concordnet\venv\Lib\site-packages\django\template\base.py", line 966, in render_annotated
    return self.render(context)
           ^^^^^^^^^^^^^^^^^^^^
  File "F:\Workspace\concordnet\venv\Lib\site-packages\django\template\loader_tags.py", line 63, in render
    result = block.nodelist.render(context)
             ^^^^^^^^^^^^^^^^^^^^^^^^^^^^^^
  File "F:\Workspace\concordnet\venv\Lib\site-packages\django\template\base.py", line 1005, in render
    return SafeString("".join([node.render_annotated(context) for node in self]))
                               ^^^^^^^^^^^^^^^^^^^^^^^^^^^^^^
  File "F:\Workspace\concordnet\venv\Lib\site-packages\django\template\base.py", line 966, in render_annotated
    return self.render(context)
           ^^^^^^^^^^^^^^^^^^^^
  File "F:\Workspace\concordnet\venv\Lib\site-packages\django\template\defaulttags.py", line 238, in render
    nodelist.append(node.render_annotated(context))
                    ^^^^^^^^^^^^^^^^^^^^^^^^^^^^^^
  File "F:\Workspace\concordnet\venv\Lib\site-packages\django\template\base.py", line 966, in render_annotated
    return self.render(context)
           ^^^^^^^^^^^^^^^^^^^^
  File "F:\Workspace\concordnet\venv\Lib\site-packages\django\template\defaulttags.py", line 471, in render
    url = reverse(view_name, args=args, kwargs=kwargs, current_app=current_app)
          ^^^^^^^^^^^^^^^^^^^^^^^^^^^^^^^^^^^^^^^^^^^^^^^^^^^^^^^^^^^^^^^^^^^^^
  File "F:\Workspace\concordnet\venv\Lib\site-packages\django\urls\base.py", line 82, in reverse
    raise NoReverseMatch("%s is not a registered namespace" % key)
django.urls.exceptions.NoReverseMatch: 'cart' is not a registered namespace
2025-07-01 14:21:06,919 django.request ERROR    Internal Server Error: /shop/shop/drone-irrigation/
Traceback (most recent call last):
  File "F:\Workspace\concordnet\venv\Lib\site-packages\django\core\handlers\exception.py", line 55, in inner
    response = get_response(request)
               ^^^^^^^^^^^^^^^^^^^^^
  File "F:\Workspace\concordnet\venv\Lib\site-packages\django\core\handlers\base.py", line 197, in _get_response
    response = wrapped_callback(request, *callback_args, **callback_kwargs)
               ^^^^^^^^^^^^^^^^^^^^^^^^^^^^^^^^^^^^^^^^^^^^^^^^^^^^^^^^^^^^
  File "F:\Workspace\concordnet\apps\products\views.py", line 26, in product_detail
    return render(request, "pages/product_detail.html", {"product": product})
           ^^^^^^^^^^^^^^^^^^^^^^^^^^^^^^^^^^^^^^^^^^^^^^^^^^^^^^^^^^^^^^^^^^
  File "F:\Workspace\concordnet\venv\Lib\site-packages\django\shortcuts.py", line 24, in render
    content = loader.render_to_string(template_name, context, request, using=using)
              ^^^^^^^^^^^^^^^^^^^^^^^^^^^^^^^^^^^^^^^^^^^^^^^^^^^^^^^^^^^^^^^^^^^^^
  File "F:\Workspace\concordnet\venv\Lib\site-packages\django\template\loader.py", line 61, in render_to_string
    template = get_template(template_name, using=using)
               ^^^^^^^^^^^^^^^^^^^^^^^^^^^^^^^^^^^^^^^^
  File "F:\Workspace\concordnet\venv\Lib\site-packages\django\template\loader.py", line 15, in get_template
    return engine.get_template(template_name)
           ^^^^^^^^^^^^^^^^^^^^^^^^^^^^^^^^^^
  File "F:\Workspace\concordnet\venv\Lib\site-packages\django\template\backends\django.py", line 33, in get_template
    return Template(self.engine.get_template(template_name), self)
                    ^^^^^^^^^^^^^^^^^^^^^^^^^^^^^^^^^^^^^^^
  File "F:\Workspace\concordnet\venv\Lib\site-packages\django\template\engine.py", line 175, in get_template
    template, origin = self.find_template(template_name)
                       ^^^^^^^^^^^^^^^^^^^^^^^^^^^^^^^^^
  File "F:\Workspace\concordnet\venv\Lib\site-packages\django\template\engine.py", line 157, in find_template
    template = loader.get_template(name, skip=skip)
               ^^^^^^^^^^^^^^^^^^^^^^^^^^^^^^^^^^^^
  File "F:\Workspace\concordnet\venv\Lib\site-packages\django\template\loaders\cached.py", line 57, in get_template
    template = super().get_template(template_name, skip)
               ^^^^^^^^^^^^^^^^^^^^^^^^^^^^^^^^^^^^^^^^^
  File "F:\Workspace\concordnet\venv\Lib\site-packages\django\template\loaders\base.py", line 28, in get_template
    return Template(
           ^^^^^^^^^
  File "F:\Workspace\concordnet\venv\Lib\site-packages\django\template\base.py", line 154, in __init__
    self.nodelist = self.compile_nodelist()
                    ^^^^^^^^^^^^^^^^^^^^^^^
  File "F:\Workspace\concordnet\venv\Lib\site-packages\django\template\base.py", line 200, in compile_nodelist
    return parser.parse()
           ^^^^^^^^^^^^^^
  File "F:\Workspace\concordnet\venv\Lib\site-packages\django\template\base.py", line 514, in parse
    self.extend_nodelist(nodelist, compiled_result, token)
  File "F:\Workspace\concordnet\venv\Lib\site-packages\django\template\base.py", line 531, in extend_nodelist
    raise self.error(
django.template.exceptions.TemplateSyntaxError: <ExtendsNode: extends 'pages/base.html'> must be the first tag in the template.
2025-07-01 14:42:28,098 django.utils.autoreload INFO     F:\Workspace\concordnet\apps\products\views.py changed, reloading.
2025-07-01 14:42:32,043 django.utils.autoreload INFO     Watching for file changes with StatReloader
2025-07-01 14:42:53,119 django.utils.autoreload INFO     F:\Workspace\concordnet\apps\products\views.py changed, reloading.
2025-07-01 14:42:55,094 django.utils.autoreload INFO     Watching for file changes with StatReloader
2025-07-01 14:43:25,537 django.utils.autoreload INFO     F:\Workspace\concordnet\apps\products\views.py changed, reloading.
2025-07-01 14:43:27,405 django.utils.autoreload INFO     Watching for file changes with StatReloader
2025-07-01 16:20:46,707 django.request WARNING  Not Found: /accounts/login/
2025-07-01 16:20:48,489 django.request WARNING  Not Found: /favicon.ico
2025-07-01 16:20:56,553 django.request WARNING  Not Found: /accounts/login/
2025-07-01 17:04:05,019 django.request WARNING  Not Found: /accounts/login/
2025-07-01 17:04:13,520 django.request WARNING  Not Found: /accounts/login/
2025-07-01 17:05:09,140 django.security.csrf WARNING  Forbidden (Origin checking failed - https://9dd9-41-79-8-21.ngrok-free.app does not match any trusted origins.): /login/
2025-07-02 09:11:09,830 django.utils.autoreload INFO     Watching for file changes with StatReloader
2025-07-02 09:12:46,528 django.request WARNING  Not Found: /favicon.ico
2025-07-02 09:15:14,964 django.request WARNING  Not Found: /accounts/login/
2025-07-02 09:15:16,057 django.request WARNING  Not Found: /favicon.ico
2025-07-02 11:30:39,716 django.request ERROR    Internal Server Error: /shop/cart
Traceback (most recent call last):
  File "F:\Workspace\concordnet\venv\Lib\site-packages\django\core\handlers\exception.py", line 55, in inner
    response = get_response(request)
               ^^^^^^^^^^^^^^^^^^^^^
  File "F:\Workspace\concordnet\venv\Lib\site-packages\django\core\handlers\base.py", line 197, in _get_response
    response = wrapped_callback(request, *callback_args, **callback_kwargs)
               ^^^^^^^^^^^^^^^^^^^^^^^^^^^^^^^^^^^^^^^^^^^^^^^^^^^^^^^^^^^^
  File "F:\Workspace\concordnet\apps\products\views.py", line 101, in cart_detail
    return render(request, "pages/cart_detail.html", {"cart": cart})
           ^^^^^^^^^^^^^^^^^^^^^^^^^^^^^^^^^^^^^^^^^^^^^^^^^^^^^^^^^
  File "F:\Workspace\concordnet\venv\Lib\site-packages\django\shortcuts.py", line 24, in render
    content = loader.render_to_string(template_name, context, request, using=using)
              ^^^^^^^^^^^^^^^^^^^^^^^^^^^^^^^^^^^^^^^^^^^^^^^^^^^^^^^^^^^^^^^^^^^^^
  File "F:\Workspace\concordnet\venv\Lib\site-packages\django\template\loader.py", line 62, in render_to_string
    return template.render(context, request)
           ^^^^^^^^^^^^^^^^^^^^^^^^^^^^^^^^^
  File "F:\Workspace\concordnet\venv\Lib\site-packages\django\template\backends\django.py", line 61, in render
    return self.template.render(context)
           ^^^^^^^^^^^^^^^^^^^^^^^^^^^^^
  File "F:\Workspace\concordnet\venv\Lib\site-packages\django\template\base.py", line 175, in render
    return self._render(context)
           ^^^^^^^^^^^^^^^^^^^^^
  File "F:\Workspace\concordnet\venv\Lib\site-packages\django\template\base.py", line 167, in _render
    return self.nodelist.render(context)
           ^^^^^^^^^^^^^^^^^^^^^^^^^^^^^
  File "F:\Workspace\concordnet\venv\Lib\site-packages\django\template\base.py", line 1005, in render
    return SafeString("".join([node.render_annotated(context) for node in self]))
                               ^^^^^^^^^^^^^^^^^^^^^^^^^^^^^^
  File "F:\Workspace\concordnet\venv\Lib\site-packages\django\template\base.py", line 966, in render_annotated
    return self.render(context)
           ^^^^^^^^^^^^^^^^^^^^
  File "F:\Workspace\concordnet\venv\Lib\site-packages\django\template\loader_tags.py", line 157, in render
    return compiled_parent._render(context)
           ^^^^^^^^^^^^^^^^^^^^^^^^^^^^^^^^
  File "F:\Workspace\concordnet\venv\Lib\site-packages\django\template\base.py", line 167, in _render
    return self.nodelist.render(context)
           ^^^^^^^^^^^^^^^^^^^^^^^^^^^^^
  File "F:\Workspace\concordnet\venv\Lib\site-packages\django\template\base.py", line 1005, in render
    return SafeString("".join([node.render_annotated(context) for node in self]))
                               ^^^^^^^^^^^^^^^^^^^^^^^^^^^^^^
  File "F:\Workspace\concordnet\venv\Lib\site-packages\django\template\base.py", line 966, in render_annotated
    return self.render(context)
           ^^^^^^^^^^^^^^^^^^^^
  File "F:\Workspace\concordnet\venv\Lib\site-packages\django\template\loader_tags.py", line 63, in render
    result = block.nodelist.render(context)
             ^^^^^^^^^^^^^^^^^^^^^^^^^^^^^^
  File "F:\Workspace\concordnet\venv\Lib\site-packages\django\template\base.py", line 1005, in render
    return SafeString("".join([node.render_annotated(context) for node in self]))
                               ^^^^^^^^^^^^^^^^^^^^^^^^^^^^^^
  File "F:\Workspace\concordnet\venv\Lib\site-packages\django\template\base.py", line 966, in render_annotated
    return self.render(context)
           ^^^^^^^^^^^^^^^^^^^^
  File "F:\Workspace\concordnet\venv\Lib\site-packages\django\template\defaulttags.py", line 238, in render
    nodelist.append(node.render_annotated(context))
                    ^^^^^^^^^^^^^^^^^^^^^^^^^^^^^^
  File "F:\Workspace\concordnet\venv\Lib\site-packages\django\template\base.py", line 966, in render_annotated
    return self.render(context)
           ^^^^^^^^^^^^^^^^^^^^
  File "F:\Workspace\concordnet\venv\Lib\site-packages\django\template\defaulttags.py", line 471, in render
    url = reverse(view_name, args=args, kwargs=kwargs, current_app=current_app)
          ^^^^^^^^^^^^^^^^^^^^^^^^^^^^^^^^^^^^^^^^^^^^^^^^^^^^^^^^^^^^^^^^^^^^^
  File "F:\Workspace\concordnet\venv\Lib\site-packages\django\urls\base.py", line 88, in reverse
    return resolver._reverse_with_prefix(view, prefix, *args, **kwargs)
           ^^^^^^^^^^^^^^^^^^^^^^^^^^^^^^^^^^^^^^^^^^^^^^^^^^^^^^^^^^^^
  File "F:\Workspace\concordnet\venv\Lib\site-packages\django\urls\resolvers.py", line 828, in _reverse_with_prefix
    raise NoReverseMatch(msg)
django.urls.exceptions.NoReverseMatch: Reverse for 'cart_update' not found. 'cart_update' is not a valid view function or pattern name.
2025-07-02 11:35:10,493 django.utils.autoreload INFO     F:\Workspace\concordnet\apps\products\views.py changed, reloading.
2025-07-02 11:35:19,955 django.utils.autoreload INFO     Watching for file changes with StatReloader
2025-07-02 11:59:51,239 django.utils.autoreload INFO     F:\Workspace\concordnet\apps\products\models.py changed, reloading.
2025-07-02 11:59:52,881 django.utils.autoreload INFO     Watching for file changes with StatReloader
2025-07-02 12:00:43,573 django.utils.autoreload INFO     Watching for file changes with StatReloader
2025-07-02 12:31:53,428 django.utils.autoreload INFO     F:\Workspace\concordnet\apps\products\views.py changed, reloading.
2025-07-02 12:31:54,932 django.utils.autoreload INFO     Watching for file changes with StatReloader
2025-07-02 12:32:33,956 django.utils.autoreload INFO     F:\Workspace\concordnet\apps\products\urls.py changed, reloading.
2025-07-02 12:32:35,201 django.utils.autoreload INFO     Watching for file changes with StatReloader
2025-07-02 14:13:30,458 django.utils.autoreload INFO     F:\Workspace\concordnet\concordnet\settings.py changed, reloading.
2025-07-02 14:14:07,405 django.utils.autoreload INFO     Watching for file changes with StatReloader
2025-07-02 14:19:26,162 django.utils.autoreload INFO     F:\Workspace\concordnet\apps\products\urls.py changed, reloading.
2025-07-02 14:19:27,714 django.utils.autoreload INFO     Watching for file changes with StatReloader
2025-07-02 14:19:29,853 django.utils.autoreload INFO     F:\Workspace\concordnet\apps\products\views.py changed, reloading.
2025-07-02 14:19:31,053 django.utils.autoreload INFO     Watching for file changes with StatReloader
2025-07-02 14:20:58,695 django.request ERROR    Internal Server Error: /shop/cart
Traceback (most recent call last):
  File "F:\Workspace\concordnet\venv\Lib\site-packages\django\core\handlers\exception.py", line 55, in inner
    response = get_response(request)
               ^^^^^^^^^^^^^^^^^^^^^
  File "F:\Workspace\concordnet\venv\Lib\site-packages\django\core\handlers\base.py", line 197, in _get_response
    response = wrapped_callback(request, *callback_args, **callback_kwargs)
               ^^^^^^^^^^^^^^^^^^^^^^^^^^^^^^^^^^^^^^^^^^^^^^^^^^^^^^^^^^^^
  File "F:\Workspace\concordnet\apps\products\views.py", line 127, in cart_detail
    return render(request, "pages/cart_detail.html", {"cart": cart})
           ^^^^^^^^^^^^^^^^^^^^^^^^^^^^^^^^^^^^^^^^^^^^^^^^^^^^^^^^^
  File "F:\Workspace\concordnet\venv\Lib\site-packages\django\shortcuts.py", line 24, in render
    content = loader.render_to_string(template_name, context, request, using=using)
              ^^^^^^^^^^^^^^^^^^^^^^^^^^^^^^^^^^^^^^^^^^^^^^^^^^^^^^^^^^^^^^^^^^^^^
  File "F:\Workspace\concordnet\venv\Lib\site-packages\django\template\loader.py", line 62, in render_to_string
    return template.render(context, request)
           ^^^^^^^^^^^^^^^^^^^^^^^^^^^^^^^^^
  File "F:\Workspace\concordnet\venv\Lib\site-packages\django\template\backends\django.py", line 61, in render
    return self.template.render(context)
           ^^^^^^^^^^^^^^^^^^^^^^^^^^^^^
  File "F:\Workspace\concordnet\venv\Lib\site-packages\django\template\base.py", line 175, in render
    return self._render(context)
           ^^^^^^^^^^^^^^^^^^^^^
  File "F:\Workspace\concordnet\venv\Lib\site-packages\django\template\base.py", line 167, in _render
    return self.nodelist.render(context)
           ^^^^^^^^^^^^^^^^^^^^^^^^^^^^^
  File "F:\Workspace\concordnet\venv\Lib\site-packages\django\template\base.py", line 1005, in render
    return SafeString("".join([node.render_annotated(context) for node in self]))
                               ^^^^^^^^^^^^^^^^^^^^^^^^^^^^^^
  File "F:\Workspace\concordnet\venv\Lib\site-packages\django\template\base.py", line 966, in render_annotated
    return self.render(context)
           ^^^^^^^^^^^^^^^^^^^^
  File "F:\Workspace\concordnet\venv\Lib\site-packages\django\template\loader_tags.py", line 157, in render
    return compiled_parent._render(context)
           ^^^^^^^^^^^^^^^^^^^^^^^^^^^^^^^^
  File "F:\Workspace\concordnet\venv\Lib\site-packages\django\template\base.py", line 167, in _render
    return self.nodelist.render(context)
           ^^^^^^^^^^^^^^^^^^^^^^^^^^^^^
  File "F:\Workspace\concordnet\venv\Lib\site-packages\django\template\base.py", line 1005, in render
    return SafeString("".join([node.render_annotated(context) for node in self]))
                               ^^^^^^^^^^^^^^^^^^^^^^^^^^^^^^
  File "F:\Workspace\concordnet\venv\Lib\site-packages\django\template\base.py", line 966, in render_annotated
    return self.render(context)
           ^^^^^^^^^^^^^^^^^^^^
  File "F:\Workspace\concordnet\venv\Lib\site-packages\django\template\loader_tags.py", line 63, in render
    result = block.nodelist.render(context)
             ^^^^^^^^^^^^^^^^^^^^^^^^^^^^^^
  File "F:\Workspace\concordnet\venv\Lib\site-packages\django\template\base.py", line 1005, in render
    return SafeString("".join([node.render_annotated(context) for node in self]))
                               ^^^^^^^^^^^^^^^^^^^^^^^^^^^^^^
  File "F:\Workspace\concordnet\venv\Lib\site-packages\django\template\base.py", line 966, in render_annotated
    return self.render(context)
           ^^^^^^^^^^^^^^^^^^^^
  File "F:\Workspace\concordnet\venv\Lib\site-packages\django\template\defaulttags.py", line 471, in render
    url = reverse(view_name, args=args, kwargs=kwargs, current_app=current_app)
          ^^^^^^^^^^^^^^^^^^^^^^^^^^^^^^^^^^^^^^^^^^^^^^^^^^^^^^^^^^^^^^^^^^^^^
  File "F:\Workspace\concordnet\venv\Lib\site-packages\django\urls\base.py", line 88, in reverse
    return resolver._reverse_with_prefix(view, prefix, *args, **kwargs)
           ^^^^^^^^^^^^^^^^^^^^^^^^^^^^^^^^^^^^^^^^^^^^^^^^^^^^^^^^^^^^
  File "F:\Workspace\concordnet\venv\Lib\site-packages\django\urls\resolvers.py", line 828, in _reverse_with_prefix
    raise NoReverseMatch(msg)
django.urls.exceptions.NoReverseMatch: Reverse for 'order_create' not found. 'order_create' is not a valid view function or pattern name.
2025-07-02 14:26:25,481 django.utils.autoreload INFO     F:\Workspace\concordnet\concordnet\settings.py changed, reloading.
2025-07-02 14:26:26,687 django.utils.autoreload INFO     Watching for file changes with StatReloader
2025-07-02 14:30:15,701 django.request ERROR    Internal Server Error: /
Traceback (most recent call last):
  File "F:\Workspace\concordnet\venv\Lib\site-packages\django\core\handlers\exception.py", line 55, in inner
    response = get_response(request)
               ^^^^^^^^^^^^^^^^^^^^^
  File "F:\Workspace\concordnet\venv\Lib\site-packages\django\core\handlers\base.py", line 197, in _get_response
    response = wrapped_callback(request, *callback_args, **callback_kwargs)
               ^^^^^^^^^^^^^^^^^^^^^^^^^^^^^^^^^^^^^^^^^^^^^^^^^^^^^^^^^^^^
  File "F:\Workspace\concordnet\venv\Lib\site-packages\django\contrib\auth\decorators.py", line 23, in _wrapper_view
    return view_func(request, *args, **kwargs)
           ^^^^^^^^^^^^^^^^^^^^^^^^^^^^^^^^^^^
  File "F:\Workspace\concordnet\home\views.py", line 37, in index
    return render(request, 'pages/home.html', {'form': feedb})
           ^^^^^^^^^^^^^^^^^^^^^^^^^^^^^^^^^^^^^^^^^^^^^^^^^^^
  File "F:\Workspace\concordnet\venv\Lib\site-packages\django\shortcuts.py", line 24, in render
    content = loader.render_to_string(template_name, context, request, using=using)
              ^^^^^^^^^^^^^^^^^^^^^^^^^^^^^^^^^^^^^^^^^^^^^^^^^^^^^^^^^^^^^^^^^^^^^
  File "F:\Workspace\concordnet\venv\Lib\site-packages\django\template\loader.py", line 62, in render_to_string
    return template.render(context, request)
           ^^^^^^^^^^^^^^^^^^^^^^^^^^^^^^^^^
  File "F:\Workspace\concordnet\venv\Lib\site-packages\django\template\backends\django.py", line 61, in render
    return self.template.render(context)
           ^^^^^^^^^^^^^^^^^^^^^^^^^^^^^
  File "F:\Workspace\concordnet\venv\Lib\site-packages\django\template\base.py", line 173, in render
    with context.bind_template(self):
  File "C:\Users\Renney\AppData\Local\Programs\Python\Python312\Lib\contextlib.py", line 137, in __enter__
    return next(self.gen)
           ^^^^^^^^^^^^^^
  File "F:\Workspace\concordnet\venv\Lib\site-packages\django\template\context.py", line 251, in bind_template
    processors = template.engine.template_context_processors + self._processors
                 ^^^^^^^^^^^^^^^^^^^^^^^^^^^^^^^^^^^^^^^^^^^
  File "F:\Workspace\concordnet\venv\Lib\site-packages\django\utils\functional.py", line 57, in __get__
    res = instance.__dict__[self.name] = self.func(instance)
                                         ^^^^^^^^^^^^^^^^^^^
  File "F:\Workspace\concordnet\venv\Lib\site-packages\django\template\engine.py", line 116, in template_context_processors
    return tuple(import_string(path) for path in context_processors)
           ^^^^^^^^^^^^^^^^^^^^^^^^^^^^^^^^^^^^^^^^^^^^^^^^^^^^^^^^^
  File "F:\Workspace\concordnet\venv\Lib\site-packages\django\template\engine.py", line 116, in <genexpr>
    return tuple(import_string(path) for path in context_processors)
                 ^^^^^^^^^^^^^^^^^^^
  File "F:\Workspace\concordnet\venv\Lib\site-packages\django\utils\module_loading.py", line 30, in import_string
    return cached_import(module_path, class_name)
           ^^^^^^^^^^^^^^^^^^^^^^^^^^^^^^^^^^^^^^
  File "F:\Workspace\concordnet\venv\Lib\site-packages\django\utils\module_loading.py", line 15, in cached_import
    module = import_module(module_path)
             ^^^^^^^^^^^^^^^^^^^^^^^^^^
  File "C:\Users\Renney\AppData\Local\Programs\Python\Python312\Lib\importlib\__init__.py", line 90, in import_module
    return _bootstrap._gcd_import(name[level:], package, level)
           ^^^^^^^^^^^^^^^^^^^^^^^^^^^^^^^^^^^^^^^^^^^^^^^^^^^^
  File "<frozen importlib._bootstrap>", line 1387, in _gcd_import
  File "<frozen importlib._bootstrap>", line 1360, in _find_and_load
  File "<frozen importlib._bootstrap>", line 1310, in _find_and_load_unlocked
  File "<frozen importlib._bootstrap>", line 488, in _call_with_frames_removed
  File "<frozen importlib._bootstrap>", line 1387, in _gcd_import
  File "<frozen importlib._bootstrap>", line 1360, in _find_and_load
  File "<frozen importlib._bootstrap>", line 1324, in _find_and_load_unlocked
ModuleNotFoundError: No module named 'products'
2025-07-02 14:32:25,873 django.utils.autoreload INFO     F:\Workspace\concordnet\concordnet\settings.py changed, reloading.
2025-07-02 14:32:27,162 django.utils.autoreload INFO     Watching for file changes with StatReloader
2025-07-02 14:32:45,912 django.request ERROR    Internal Server Error: /
Traceback (most recent call last):
  File "F:\Workspace\concordnet\venv\Lib\site-packages\django\core\handlers\exception.py", line 55, in inner
    response = get_response(request)
               ^^^^^^^^^^^^^^^^^^^^^
  File "F:\Workspace\concordnet\venv\Lib\site-packages\django\core\handlers\base.py", line 197, in _get_response
    response = wrapped_callback(request, *callback_args, **callback_kwargs)
               ^^^^^^^^^^^^^^^^^^^^^^^^^^^^^^^^^^^^^^^^^^^^^^^^^^^^^^^^^^^^
  File "F:\Workspace\concordnet\venv\Lib\site-packages\django\contrib\auth\decorators.py", line 23, in _wrapper_view
    return view_func(request, *args, **kwargs)
           ^^^^^^^^^^^^^^^^^^^^^^^^^^^^^^^^^^^
  File "F:\Workspace\concordnet\home\views.py", line 37, in index
    return render(request, 'pages/home.html', {'form': feedb})
           ^^^^^^^^^^^^^^^^^^^^^^^^^^^^^^^^^^^^^^^^^^^^^^^^^^^
  File "F:\Workspace\concordnet\venv\Lib\site-packages\django\shortcuts.py", line 24, in render
    content = loader.render_to_string(template_name, context, request, using=using)
              ^^^^^^^^^^^^^^^^^^^^^^^^^^^^^^^^^^^^^^^^^^^^^^^^^^^^^^^^^^^^^^^^^^^^^
  File "F:\Workspace\concordnet\venv\Lib\site-packages\django\template\loader.py", line 62, in render_to_string
    return template.render(context, request)
           ^^^^^^^^^^^^^^^^^^^^^^^^^^^^^^^^^
  File "F:\Workspace\concordnet\venv\Lib\site-packages\django\template\backends\django.py", line 61, in render
    return self.template.render(context)
           ^^^^^^^^^^^^^^^^^^^^^^^^^^^^^
  File "F:\Workspace\concordnet\venv\Lib\site-packages\django\template\base.py", line 175, in render
    return self._render(context)
           ^^^^^^^^^^^^^^^^^^^^^
  File "F:\Workspace\concordnet\venv\Lib\site-packages\django\template\base.py", line 167, in _render
    return self.nodelist.render(context)
           ^^^^^^^^^^^^^^^^^^^^^^^^^^^^^
  File "F:\Workspace\concordnet\venv\Lib\site-packages\django\template\base.py", line 1005, in render
    return SafeString("".join([node.render_annotated(context) for node in self]))
                               ^^^^^^^^^^^^^^^^^^^^^^^^^^^^^^
  File "F:\Workspace\concordnet\venv\Lib\site-packages\django\template\base.py", line 966, in render_annotated
    return self.render(context)
           ^^^^^^^^^^^^^^^^^^^^
  File "F:\Workspace\concordnet\venv\Lib\site-packages\django\template\defaulttags.py", line 321, in render
    return nodelist.render(context)
           ^^^^^^^^^^^^^^^^^^^^^^^^
  File "F:\Workspace\concordnet\venv\Lib\site-packages\django\template\base.py", line 1005, in render
    return SafeString("".join([node.render_annotated(context) for node in self]))
                               ^^^^^^^^^^^^^^^^^^^^^^^^^^^^^^
  File "F:\Workspace\concordnet\venv\Lib\site-packages\django\template\base.py", line 966, in render_annotated
    return self.render(context)
           ^^^^^^^^^^^^^^^^^^^^
  File "F:\Workspace\concordnet\venv\Lib\site-packages\django\template\defaulttags.py", line 321, in render
    return nodelist.render(context)
           ^^^^^^^^^^^^^^^^^^^^^^^^
  File "F:\Workspace\concordnet\venv\Lib\site-packages\django\template\base.py", line 1005, in render
    return SafeString("".join([node.render_annotated(context) for node in self]))
                               ^^^^^^^^^^^^^^^^^^^^^^^^^^^^^^
  File "F:\Workspace\concordnet\venv\Lib\site-packages\django\template\base.py", line 966, in render_annotated
    return self.render(context)
           ^^^^^^^^^^^^^^^^^^^^
  File "F:\Workspace\concordnet\venv\Lib\site-packages\django\template\defaulttags.py", line 471, in render
    url = reverse(view_name, args=args, kwargs=kwargs, current_app=current_app)
          ^^^^^^^^^^^^^^^^^^^^^^^^^^^^^^^^^^^^^^^^^^^^^^^^^^^^^^^^^^^^^^^^^^^^^
  File "F:\Workspace\concordnet\venv\Lib\site-packages\django\urls\base.py", line 88, in reverse
    return resolver._reverse_with_prefix(view, prefix, *args, **kwargs)
           ^^^^^^^^^^^^^^^^^^^^^^^^^^^^^^^^^^^^^^^^^^^^^^^^^^^^^^^^^^^^
  File "F:\Workspace\concordnet\venv\Lib\site-packages\django\urls\resolvers.py", line 828, in _reverse_with_prefix
    raise NoReverseMatch(msg)
django.urls.exceptions.NoReverseMatch: Reverse for 'cart_detail' not found. 'cart_detail' is not a valid view function or pattern name.
2025-07-02 14:44:15,719 django.request WARNING  Not Found: /shop/checkout/
2025-07-02 14:47:28,879 django.request WARNING  Not Found: /shop/checkout/
2025-07-02 14:58:05,280 django.request WARNING  Not Found: /accounts/login/
2025-07-02 14:59:03,470 django.security.csrf WARNING  Forbidden (Origin checking failed - https://ae1d-41-79-8-21.ngrok-free.app does not match any trusted origins.): /login/
2025-07-02 14:59:10,572 django.security.csrf WARNING  Forbidden (Origin checking failed - https://ae1d-41-79-8-21.ngrok-free.app does not match any trusted origins.): /login/
2025-07-02 14:59:43,330 django.utils.autoreload INFO     F:\Workspace\concordnet\concordnet\settings.py changed, reloading.
2025-07-02 14:59:45,927 django.utils.autoreload INFO     Watching for file changes with StatReloader
2025-07-02 15:00:03,840 django.security.csrf WARNING  Forbidden (Origin checking failed - https://ae1d-41-79-8-21.ngrok-free.app does not match any trusted origins.): /login/
2025-07-02 15:00:11,674 django.request WARNING  Not Found: /accounts/login/
2025-07-02 15:00:37,917 django.security.csrf WARNING  Forbidden (Origin checking failed - https://ae1d-41-79-8-21.ngrok-free.app does not match any trusted origins.): /login/
2025-07-02 15:36:24,680 django.utils.autoreload INFO     F:\Workspace\concordnet\concordnet\settings.py changed, reloading.
2025-07-02 15:36:26,888 django.utils.autoreload INFO     Watching for file changes with StatReloader
2025-07-02 15:36:55,595 django.request WARNING  Not Found: /shop/checkout/
2025-07-02 15:37:35,742 django.utils.autoreload INFO     F:\Workspace\concordnet\apps\products\urls.py changed, reloading.
2025-07-02 15:37:37,246 django.utils.autoreload INFO     Watching for file changes with StatReloader
2025-07-02 17:00:43,299 django.request WARNING  Not Found: /accounts/login/
2025-07-03 09:22:11,334 django.utils.autoreload INFO     Watching for file changes with StatReloader
2025-07-03 11:25:48,969 django.request WARNING  Not Found: /favicon.ico
2025-07-03 14:11:53,316 django.utils.autoreload INFO     F:\Workspace\concordnet\apps\products\views.py changed, reloading.
2025-07-10 16:03:29,507 django.utils.autoreload INFO     Watching for file changes with StatReloader
2025-07-10 16:22:40,043 django.request WARNING  Not Found: /accounts/login/
2025-07-10 16:22:40,873 django.request WARNING  Not Found: /favicon.ico
2025-07-10 16:28:08,087 django.utils.autoreload INFO     F:\Workspace\concordnet\concordnet\settings.py changed, reloading.
2025-07-10 16:28:44,132 django.utils.autoreload INFO     Watching for file changes with StatReloader
2025-07-10 16:30:57,290 django.request ERROR    Internal Server Error: /login/
Traceback (most recent call last):
  File "F:\Workspace\concordnet\venv\Lib\site-packages\django\core\handlers\exception.py", line 55, in inner
    response = get_response(request)
               ^^^^^^^^^^^^^^^^^^^^^
  File "F:\Workspace\concordnet\venv\Lib\site-packages\django\core\handlers\base.py", line 220, in _get_response
    response = response.render()
               ^^^^^^^^^^^^^^^^^
  File "F:\Workspace\concordnet\venv\Lib\site-packages\django\template\response.py", line 114, in render
    self.content = self.rendered_content
                   ^^^^^^^^^^^^^^^^^^^^^
  File "F:\Workspace\concordnet\venv\Lib\site-packages\django\template\response.py", line 92, in rendered_content
    return template.render(context, self._request)
           ^^^^^^^^^^^^^^^^^^^^^^^^^^^^^^^^^^^^^^^
  File "F:\Workspace\concordnet\venv\Lib\site-packages\django\template\backends\django.py", line 61, in render
    return self.template.render(context)
           ^^^^^^^^^^^^^^^^^^^^^^^^^^^^^
  File "F:\Workspace\concordnet\venv\Lib\site-packages\django\template\base.py", line 175, in render
    return self._render(context)
           ^^^^^^^^^^^^^^^^^^^^^
  File "F:\Workspace\concordnet\venv\Lib\site-packages\django\template\base.py", line 167, in _render
    return self.nodelist.render(context)
           ^^^^^^^^^^^^^^^^^^^^^^^^^^^^^
  File "F:\Workspace\concordnet\venv\Lib\site-packages\django\template\base.py", line 1005, in render
    return SafeString("".join([node.render_annotated(context) for node in self]))
                               ^^^^^^^^^^^^^^^^^^^^^^^^^^^^^^
  File "F:\Workspace\concordnet\venv\Lib\site-packages\django\template\base.py", line 966, in render_annotated
    return self.render(context)
           ^^^^^^^^^^^^^^^^^^^^
  File "F:\Workspace\concordnet\venv\Lib\site-packages\django\template\loader_tags.py", line 157, in render
    return compiled_parent._render(context)
           ^^^^^^^^^^^^^^^^^^^^^^^^^^^^^^^^
  File "F:\Workspace\concordnet\venv\Lib\site-packages\django\template\base.py", line 167, in _render
    return self.nodelist.render(context)
           ^^^^^^^^^^^^^^^^^^^^^^^^^^^^^
  File "F:\Workspace\concordnet\venv\Lib\site-packages\django\template\base.py", line 1005, in render
    return SafeString("".join([node.render_annotated(context) for node in self]))
                               ^^^^^^^^^^^^^^^^^^^^^^^^^^^^^^
  File "F:\Workspace\concordnet\venv\Lib\site-packages\django\template\base.py", line 966, in render_annotated
    return self.render(context)
           ^^^^^^^^^^^^^^^^^^^^
  File "F:\Workspace\concordnet\venv\Lib\site-packages\django\templatetags\static.py", line 116, in render
    url = self.url(context)
          ^^^^^^^^^^^^^^^^^
  File "F:\Workspace\concordnet\venv\Lib\site-packages\django\templatetags\static.py", line 113, in url
    return self.handle_simple(path)
           ^^^^^^^^^^^^^^^^^^^^^^^^
  File "F:\Workspace\concordnet\venv\Lib\site-packages\django\templatetags\static.py", line 129, in handle_simple
    return staticfiles_storage.url(path)
           ^^^^^^^^^^^^^^^^^^^^^^^^^^^^^
  File "F:\Workspace\concordnet\venv\Lib\site-packages\django\contrib\staticfiles\storage.py", line 203, in url
    return self._url(self.stored_name, name, force)
           ^^^^^^^^^^^^^^^^^^^^^^^^^^^^^^^^^^^^^^^^
  File "F:\Workspace\concordnet\venv\Lib\site-packages\django\contrib\staticfiles\storage.py", line 182, in _url
    hashed_name = hashed_name_func(*args)
                  ^^^^^^^^^^^^^^^^^^^^^^^
  File "F:\Workspace\concordnet\venv\Lib\site-packages\django\contrib\staticfiles\storage.py", line 513, in stored_name
    raise ValueError(
ValueError: Missing staticfiles manifest entry for 'css/style.css'
2025-07-10 16:33:34,322 django.request ERROR    Internal Server Error: /shop/infrastructure-development/
Traceback (most recent call last):
  File "F:\Workspace\concordnet\venv\Lib\site-packages\django\core\handlers\exception.py", line 55, in inner
    response = get_response(request)
               ^^^^^^^^^^^^^^^^^^^^^
  File "F:\Workspace\concordnet\venv\Lib\site-packages\django\core\handlers\base.py", line 197, in _get_response
    response = wrapped_callback(request, *callback_args, **callback_kwargs)
               ^^^^^^^^^^^^^^^^^^^^^^^^^^^^^^^^^^^^^^^^^^^^^^^^^^^^^^^^^^^^
  File "F:\Workspace\concordnet\apps\products\views.py", line 21, in product_list
    return render(request, "pages/product_list.html", {
           ^^^^^^^^^^^^^^^^^^^^^^^^^^^^^^^^^^^^^^^^^^^^
  File "F:\Workspace\concordnet\venv\Lib\site-packages\django\shortcuts.py", line 24, in render
    content = loader.render_to_string(template_name, context, request, using=using)
              ^^^^^^^^^^^^^^^^^^^^^^^^^^^^^^^^^^^^^^^^^^^^^^^^^^^^^^^^^^^^^^^^^^^^^
  File "F:\Workspace\concordnet\venv\Lib\site-packages\django\template\loader.py", line 62, in render_to_string
    return template.render(context, request)
           ^^^^^^^^^^^^^^^^^^^^^^^^^^^^^^^^^
  File "F:\Workspace\concordnet\venv\Lib\site-packages\django\template\backends\django.py", line 61, in render
    return self.template.render(context)
           ^^^^^^^^^^^^^^^^^^^^^^^^^^^^^
  File "F:\Workspace\concordnet\venv\Lib\site-packages\django\template\base.py", line 175, in render
    return self._render(context)
           ^^^^^^^^^^^^^^^^^^^^^
  File "F:\Workspace\concordnet\venv\Lib\site-packages\django\template\base.py", line 167, in _render
    return self.nodelist.render(context)
           ^^^^^^^^^^^^^^^^^^^^^^^^^^^^^
  File "F:\Workspace\concordnet\venv\Lib\site-packages\django\template\base.py", line 1005, in render
    return SafeString("".join([node.render_annotated(context) for node in self]))
                               ^^^^^^^^^^^^^^^^^^^^^^^^^^^^^^
  File "F:\Workspace\concordnet\venv\Lib\site-packages\django\template\base.py", line 966, in render_annotated
    return self.render(context)
           ^^^^^^^^^^^^^^^^^^^^
  File "F:\Workspace\concordnet\venv\Lib\site-packages\django\template\loader_tags.py", line 157, in render
    return compiled_parent._render(context)
           ^^^^^^^^^^^^^^^^^^^^^^^^^^^^^^^^
  File "F:\Workspace\concordnet\venv\Lib\site-packages\django\template\base.py", line 167, in _render
    return self.nodelist.render(context)
           ^^^^^^^^^^^^^^^^^^^^^^^^^^^^^
  File "F:\Workspace\concordnet\venv\Lib\site-packages\django\template\base.py", line 1005, in render
    return SafeString("".join([node.render_annotated(context) for node in self]))
                               ^^^^^^^^^^^^^^^^^^^^^^^^^^^^^^
  File "F:\Workspace\concordnet\venv\Lib\site-packages\django\template\base.py", line 966, in render_annotated
    return self.render(context)
           ^^^^^^^^^^^^^^^^^^^^
  File "F:\Workspace\concordnet\venv\Lib\site-packages\django\templatetags\static.py", line 116, in render
    url = self.url(context)
          ^^^^^^^^^^^^^^^^^
  File "F:\Workspace\concordnet\venv\Lib\site-packages\django\templatetags\static.py", line 113, in url
    return self.handle_simple(path)
           ^^^^^^^^^^^^^^^^^^^^^^^^
  File "F:\Workspace\concordnet\venv\Lib\site-packages\django\templatetags\static.py", line 129, in handle_simple
    return staticfiles_storage.url(path)
           ^^^^^^^^^^^^^^^^^^^^^^^^^^^^^
  File "F:\Workspace\concordnet\venv\Lib\site-packages\django\contrib\staticfiles\storage.py", line 203, in url
    return self._url(self.stored_name, name, force)
           ^^^^^^^^^^^^^^^^^^^^^^^^^^^^^^^^^^^^^^^^
  File "F:\Workspace\concordnet\venv\Lib\site-packages\django\contrib\staticfiles\storage.py", line 182, in _url
    hashed_name = hashed_name_func(*args)
                  ^^^^^^^^^^^^^^^^^^^^^^^
  File "F:\Workspace\concordnet\venv\Lib\site-packages\django\contrib\staticfiles\storage.py", line 513, in stored_name
    raise ValueError(
ValueError: Missing staticfiles manifest entry for 'css/style.css'
2025-07-10 16:33:52,487 django.request WARNING  Not Found: /favicon.ico
2025-07-10 16:34:08,719 django.request ERROR    Internal Server Error: /login/
Traceback (most recent call last):
  File "F:\Workspace\concordnet\venv\Lib\site-packages\django\core\handlers\exception.py", line 55, in inner
    response = get_response(request)
               ^^^^^^^^^^^^^^^^^^^^^
  File "F:\Workspace\concordnet\venv\Lib\site-packages\django\core\handlers\base.py", line 220, in _get_response
    response = response.render()
               ^^^^^^^^^^^^^^^^^
  File "F:\Workspace\concordnet\venv\Lib\site-packages\django\template\response.py", line 114, in render
    self.content = self.rendered_content
                   ^^^^^^^^^^^^^^^^^^^^^
  File "F:\Workspace\concordnet\venv\Lib\site-packages\django\template\response.py", line 92, in rendered_content
    return template.render(context, self._request)
           ^^^^^^^^^^^^^^^^^^^^^^^^^^^^^^^^^^^^^^^
  File "F:\Workspace\concordnet\venv\Lib\site-packages\django\template\backends\django.py", line 61, in render
    return self.template.render(context)
           ^^^^^^^^^^^^^^^^^^^^^^^^^^^^^
  File "F:\Workspace\concordnet\venv\Lib\site-packages\django\template\base.py", line 175, in render
    return self._render(context)
           ^^^^^^^^^^^^^^^^^^^^^
  File "F:\Workspace\concordnet\venv\Lib\site-packages\django\template\base.py", line 167, in _render
    return self.nodelist.render(context)
           ^^^^^^^^^^^^^^^^^^^^^^^^^^^^^
  File "F:\Workspace\concordnet\venv\Lib\site-packages\django\template\base.py", line 1005, in render
    return SafeString("".join([node.render_annotated(context) for node in self]))
                               ^^^^^^^^^^^^^^^^^^^^^^^^^^^^^^
  File "F:\Workspace\concordnet\venv\Lib\site-packages\django\template\base.py", line 966, in render_annotated
    return self.render(context)
           ^^^^^^^^^^^^^^^^^^^^
  File "F:\Workspace\concordnet\venv\Lib\site-packages\django\template\loader_tags.py", line 157, in render
    return compiled_parent._render(context)
           ^^^^^^^^^^^^^^^^^^^^^^^^^^^^^^^^
  File "F:\Workspace\concordnet\venv\Lib\site-packages\django\template\base.py", line 167, in _render
    return self.nodelist.render(context)
           ^^^^^^^^^^^^^^^^^^^^^^^^^^^^^
  File "F:\Workspace\concordnet\venv\Lib\site-packages\django\template\base.py", line 1005, in render
    return SafeString("".join([node.render_annotated(context) for node in self]))
                               ^^^^^^^^^^^^^^^^^^^^^^^^^^^^^^
  File "F:\Workspace\concordnet\venv\Lib\site-packages\django\template\base.py", line 966, in render_annotated
    return self.render(context)
           ^^^^^^^^^^^^^^^^^^^^
  File "F:\Workspace\concordnet\venv\Lib\site-packages\django\templatetags\static.py", line 116, in render
    url = self.url(context)
          ^^^^^^^^^^^^^^^^^
  File "F:\Workspace\concordnet\venv\Lib\site-packages\django\templatetags\static.py", line 113, in url
    return self.handle_simple(path)
           ^^^^^^^^^^^^^^^^^^^^^^^^
  File "F:\Workspace\concordnet\venv\Lib\site-packages\django\templatetags\static.py", line 129, in handle_simple
    return staticfiles_storage.url(path)
           ^^^^^^^^^^^^^^^^^^^^^^^^^^^^^
  File "F:\Workspace\concordnet\venv\Lib\site-packages\django\contrib\staticfiles\storage.py", line 203, in url
    return self._url(self.stored_name, name, force)
           ^^^^^^^^^^^^^^^^^^^^^^^^^^^^^^^^^^^^^^^^
  File "F:\Workspace\concordnet\venv\Lib\site-packages\django\contrib\staticfiles\storage.py", line 182, in _url
    hashed_name = hashed_name_func(*args)
                  ^^^^^^^^^^^^^^^^^^^^^^^
  File "F:\Workspace\concordnet\venv\Lib\site-packages\django\contrib\staticfiles\storage.py", line 513, in stored_name
    raise ValueError(
ValueError: Missing staticfiles manifest entry for 'css/style.css'
2025-07-10 16:36:25,821 django.utils.autoreload INFO     F:\Workspace\concordnet\concordnet\settings.py changed, reloading.
2025-07-10 16:37:18,113 django.utils.autoreload INFO     Watching for file changes with StatReloader
2025-07-10 16:37:40,929 django.request ERROR    Internal Server Error: /login/
Traceback (most recent call last):
  File "F:\Workspace\concordnet\venv\Lib\site-packages\django\core\handlers\exception.py", line 55, in inner
    response = get_response(request)
               ^^^^^^^^^^^^^^^^^^^^^
  File "F:\Workspace\concordnet\venv\Lib\site-packages\django\core\handlers\base.py", line 220, in _get_response
    response = response.render()
               ^^^^^^^^^^^^^^^^^
  File "F:\Workspace\concordnet\venv\Lib\site-packages\django\template\response.py", line 114, in render
    self.content = self.rendered_content
                   ^^^^^^^^^^^^^^^^^^^^^
  File "F:\Workspace\concordnet\venv\Lib\site-packages\django\template\response.py", line 92, in rendered_content
    return template.render(context, self._request)
           ^^^^^^^^^^^^^^^^^^^^^^^^^^^^^^^^^^^^^^^
  File "F:\Workspace\concordnet\venv\Lib\site-packages\django\template\backends\django.py", line 61, in render
    return self.template.render(context)
           ^^^^^^^^^^^^^^^^^^^^^^^^^^^^^
  File "F:\Workspace\concordnet\venv\Lib\site-packages\django\template\base.py", line 175, in render
    return self._render(context)
           ^^^^^^^^^^^^^^^^^^^^^
  File "F:\Workspace\concordnet\venv\Lib\site-packages\django\template\base.py", line 167, in _render
    return self.nodelist.render(context)
           ^^^^^^^^^^^^^^^^^^^^^^^^^^^^^
  File "F:\Workspace\concordnet\venv\Lib\site-packages\django\template\base.py", line 1005, in render
    return SafeString("".join([node.render_annotated(context) for node in self]))
                               ^^^^^^^^^^^^^^^^^^^^^^^^^^^^^^
  File "F:\Workspace\concordnet\venv\Lib\site-packages\django\template\base.py", line 966, in render_annotated
    return self.render(context)
           ^^^^^^^^^^^^^^^^^^^^
  File "F:\Workspace\concordnet\venv\Lib\site-packages\django\template\loader_tags.py", line 157, in render
    return compiled_parent._render(context)
           ^^^^^^^^^^^^^^^^^^^^^^^^^^^^^^^^
  File "F:\Workspace\concordnet\venv\Lib\site-packages\django\template\base.py", line 167, in _render
    return self.nodelist.render(context)
           ^^^^^^^^^^^^^^^^^^^^^^^^^^^^^
  File "F:\Workspace\concordnet\venv\Lib\site-packages\django\template\base.py", line 1005, in render
    return SafeString("".join([node.render_annotated(context) for node in self]))
                               ^^^^^^^^^^^^^^^^^^^^^^^^^^^^^^
  File "F:\Workspace\concordnet\venv\Lib\site-packages\django\template\base.py", line 966, in render_annotated
    return self.render(context)
           ^^^^^^^^^^^^^^^^^^^^
  File "F:\Workspace\concordnet\venv\Lib\site-packages\django\templatetags\static.py", line 116, in render
    url = self.url(context)
          ^^^^^^^^^^^^^^^^^
  File "F:\Workspace\concordnet\venv\Lib\site-packages\django\templatetags\static.py", line 113, in url
    return self.handle_simple(path)
           ^^^^^^^^^^^^^^^^^^^^^^^^
  File "F:\Workspace\concordnet\venv\Lib\site-packages\django\templatetags\static.py", line 129, in handle_simple
    return staticfiles_storage.url(path)
           ^^^^^^^^^^^^^^^^^^^^^^^^^^^^^
  File "F:\Workspace\concordnet\venv\Lib\site-packages\django\contrib\staticfiles\storage.py", line 203, in url
    return self._url(self.stored_name, name, force)
           ^^^^^^^^^^^^^^^^^^^^^^^^^^^^^^^^^^^^^^^^
  File "F:\Workspace\concordnet\venv\Lib\site-packages\django\contrib\staticfiles\storage.py", line 182, in _url
    hashed_name = hashed_name_func(*args)
                  ^^^^^^^^^^^^^^^^^^^^^^^
  File "F:\Workspace\concordnet\venv\Lib\site-packages\django\contrib\staticfiles\storage.py", line 513, in stored_name
    raise ValueError(
ValueError: Missing staticfiles manifest entry for 'css/style.css'
2025-07-10 16:38:03,342 django.utils.autoreload INFO     F:\Workspace\concordnet\concordnet\settings.py changed, reloading.
2025-07-10 16:38:07,434 django.utils.autoreload INFO     Watching for file changes with StatReloader
2025-07-10 16:38:14,628 django.utils.autoreload INFO     F:\Workspace\concordnet\concordnet\settings.py changed, reloading.
2025-07-10 16:38:16,869 django.utils.autoreload INFO     Watching for file changes with StatReloader
2025-07-10 16:38:19,310 django.request ERROR    Internal Server Error: /login/
Traceback (most recent call last):
  File "F:\Workspace\concordnet\venv\Lib\site-packages\django\core\handlers\exception.py", line 55, in inner
    response = get_response(request)
               ^^^^^^^^^^^^^^^^^^^^^
  File "F:\Workspace\concordnet\venv\Lib\site-packages\django\core\handlers\base.py", line 220, in _get_response
    response = response.render()
               ^^^^^^^^^^^^^^^^^
  File "F:\Workspace\concordnet\venv\Lib\site-packages\django\template\response.py", line 114, in render
    self.content = self.rendered_content
                   ^^^^^^^^^^^^^^^^^^^^^
  File "F:\Workspace\concordnet\venv\Lib\site-packages\django\template\response.py", line 92, in rendered_content
    return template.render(context, self._request)
           ^^^^^^^^^^^^^^^^^^^^^^^^^^^^^^^^^^^^^^^
  File "F:\Workspace\concordnet\venv\Lib\site-packages\django\template\backends\django.py", line 61, in render
    return self.template.render(context)
           ^^^^^^^^^^^^^^^^^^^^^^^^^^^^^
  File "F:\Workspace\concordnet\venv\Lib\site-packages\django\template\base.py", line 175, in render
    return self._render(context)
           ^^^^^^^^^^^^^^^^^^^^^
  File "F:\Workspace\concordnet\venv\Lib\site-packages\django\template\base.py", line 167, in _render
    return self.nodelist.render(context)
           ^^^^^^^^^^^^^^^^^^^^^^^^^^^^^
  File "F:\Workspace\concordnet\venv\Lib\site-packages\django\template\base.py", line 1005, in render
    return SafeString("".join([node.render_annotated(context) for node in self]))
                               ^^^^^^^^^^^^^^^^^^^^^^^^^^^^^^
  File "F:\Workspace\concordnet\venv\Lib\site-packages\django\template\base.py", line 966, in render_annotated
    return self.render(context)
           ^^^^^^^^^^^^^^^^^^^^
  File "F:\Workspace\concordnet\venv\Lib\site-packages\django\template\loader_tags.py", line 157, in render
    return compiled_parent._render(context)
           ^^^^^^^^^^^^^^^^^^^^^^^^^^^^^^^^
  File "F:\Workspace\concordnet\venv\Lib\site-packages\django\template\base.py", line 167, in _render
    return self.nodelist.render(context)
           ^^^^^^^^^^^^^^^^^^^^^^^^^^^^^
  File "F:\Workspace\concordnet\venv\Lib\site-packages\django\template\base.py", line 1005, in render
    return SafeString("".join([node.render_annotated(context) for node in self]))
                               ^^^^^^^^^^^^^^^^^^^^^^^^^^^^^^
  File "F:\Workspace\concordnet\venv\Lib\site-packages\django\template\base.py", line 966, in render_annotated
    return self.render(context)
           ^^^^^^^^^^^^^^^^^^^^
  File "F:\Workspace\concordnet\venv\Lib\site-packages\django\templatetags\static.py", line 116, in render
    url = self.url(context)
          ^^^^^^^^^^^^^^^^^
  File "F:\Workspace\concordnet\venv\Lib\site-packages\django\templatetags\static.py", line 113, in url
    return self.handle_simple(path)
           ^^^^^^^^^^^^^^^^^^^^^^^^
  File "F:\Workspace\concordnet\venv\Lib\site-packages\django\templatetags\static.py", line 129, in handle_simple
    return staticfiles_storage.url(path)
           ^^^^^^^^^^^^^^^^^^^^^^^^^^^^^
  File "F:\Workspace\concordnet\venv\Lib\site-packages\django\contrib\staticfiles\storage.py", line 203, in url
    return self._url(self.stored_name, name, force)
           ^^^^^^^^^^^^^^^^^^^^^^^^^^^^^^^^^^^^^^^^
  File "F:\Workspace\concordnet\venv\Lib\site-packages\django\contrib\staticfiles\storage.py", line 182, in _url
    hashed_name = hashed_name_func(*args)
                  ^^^^^^^^^^^^^^^^^^^^^^^
  File "F:\Workspace\concordnet\venv\Lib\site-packages\django\contrib\staticfiles\storage.py", line 513, in stored_name
    raise ValueError(
ValueError: Missing staticfiles manifest entry for 'css/style.css'
2025-07-10 16:54:52,184 django.utils.autoreload INFO     Watching for file changes with StatReloader
2025-07-10 16:55:18,586 django.request ERROR    Internal Server Error: /login/
Traceback (most recent call last):
  File "F:\Workspace\concordnet\venv\Lib\site-packages\django\core\handlers\exception.py", line 55, in inner
    response = get_response(request)
               ^^^^^^^^^^^^^^^^^^^^^
  File "F:\Workspace\concordnet\venv\Lib\site-packages\django\core\handlers\base.py", line 220, in _get_response
    response = response.render()
               ^^^^^^^^^^^^^^^^^
  File "F:\Workspace\concordnet\venv\Lib\site-packages\django\template\response.py", line 114, in render
    self.content = self.rendered_content
                   ^^^^^^^^^^^^^^^^^^^^^
  File "F:\Workspace\concordnet\venv\Lib\site-packages\django\template\response.py", line 92, in rendered_content
    return template.render(context, self._request)
           ^^^^^^^^^^^^^^^^^^^^^^^^^^^^^^^^^^^^^^^
  File "F:\Workspace\concordnet\venv\Lib\site-packages\django\template\backends\django.py", line 61, in render
    return self.template.render(context)
           ^^^^^^^^^^^^^^^^^^^^^^^^^^^^^
  File "F:\Workspace\concordnet\venv\Lib\site-packages\django\template\base.py", line 175, in render
    return self._render(context)
           ^^^^^^^^^^^^^^^^^^^^^
  File "F:\Workspace\concordnet\venv\Lib\site-packages\django\template\base.py", line 167, in _render
    return self.nodelist.render(context)
           ^^^^^^^^^^^^^^^^^^^^^^^^^^^^^
  File "F:\Workspace\concordnet\venv\Lib\site-packages\django\template\base.py", line 1005, in render
    return SafeString("".join([node.render_annotated(context) for node in self]))
                               ^^^^^^^^^^^^^^^^^^^^^^^^^^^^^^
  File "F:\Workspace\concordnet\venv\Lib\site-packages\django\template\base.py", line 966, in render_annotated
    return self.render(context)
           ^^^^^^^^^^^^^^^^^^^^
  File "F:\Workspace\concordnet\venv\Lib\site-packages\django\template\loader_tags.py", line 157, in render
    return compiled_parent._render(context)
           ^^^^^^^^^^^^^^^^^^^^^^^^^^^^^^^^
  File "F:\Workspace\concordnet\venv\Lib\site-packages\django\template\base.py", line 167, in _render
    return self.nodelist.render(context)
           ^^^^^^^^^^^^^^^^^^^^^^^^^^^^^
  File "F:\Workspace\concordnet\venv\Lib\site-packages\django\template\base.py", line 1005, in render
    return SafeString("".join([node.render_annotated(context) for node in self]))
                               ^^^^^^^^^^^^^^^^^^^^^^^^^^^^^^
  File "F:\Workspace\concordnet\venv\Lib\site-packages\django\template\base.py", line 966, in render_annotated
    return self.render(context)
           ^^^^^^^^^^^^^^^^^^^^
  File "F:\Workspace\concordnet\venv\Lib\site-packages\django\templatetags\static.py", line 116, in render
    url = self.url(context)
          ^^^^^^^^^^^^^^^^^
  File "F:\Workspace\concordnet\venv\Lib\site-packages\django\templatetags\static.py", line 113, in url
    return self.handle_simple(path)
           ^^^^^^^^^^^^^^^^^^^^^^^^
  File "F:\Workspace\concordnet\venv\Lib\site-packages\django\templatetags\static.py", line 129, in handle_simple
    return staticfiles_storage.url(path)
           ^^^^^^^^^^^^^^^^^^^^^^^^^^^^^
  File "F:\Workspace\concordnet\venv\Lib\site-packages\django\contrib\staticfiles\storage.py", line 203, in url
    return self._url(self.stored_name, name, force)
           ^^^^^^^^^^^^^^^^^^^^^^^^^^^^^^^^^^^^^^^^
  File "F:\Workspace\concordnet\venv\Lib\site-packages\django\contrib\staticfiles\storage.py", line 182, in _url
    hashed_name = hashed_name_func(*args)
                  ^^^^^^^^^^^^^^^^^^^^^^^
  File "F:\Workspace\concordnet\venv\Lib\site-packages\django\contrib\staticfiles\storage.py", line 513, in stored_name
    raise ValueError(
ValueError: Missing staticfiles manifest entry for 'css/style.css'
2025-07-10 17:13:51,766 django.request WARNING  Not Found: /accounts/login/
2025-07-10 17:13:52,596 django.request WARNING  Not Found: /favicon.ico
2025-07-10 17:36:58,671 django.request WARNING  Not Found: /accounts/login/
2025-07-10 17:52:11,169 django.request ERROR    Internal Server Error: /login/
Traceback (most recent call last):
  File "F:\Workspace\concordnet\venv\Lib\site-packages\django\core\handlers\exception.py", line 55, in inner
    response = get_response(request)
               ^^^^^^^^^^^^^^^^^^^^^
  File "F:\Workspace\concordnet\venv\Lib\site-packages\django\core\handlers\base.py", line 220, in _get_response
    response = response.render()
               ^^^^^^^^^^^^^^^^^
  File "F:\Workspace\concordnet\venv\Lib\site-packages\django\template\response.py", line 114, in render
    self.content = self.rendered_content
                   ^^^^^^^^^^^^^^^^^^^^^
  File "F:\Workspace\concordnet\venv\Lib\site-packages\django\template\response.py", line 92, in rendered_content
    return template.render(context, self._request)
           ^^^^^^^^^^^^^^^^^^^^^^^^^^^^^^^^^^^^^^^
  File "F:\Workspace\concordnet\venv\Lib\site-packages\django\template\backends\django.py", line 61, in render
    return self.template.render(context)
           ^^^^^^^^^^^^^^^^^^^^^^^^^^^^^
  File "F:\Workspace\concordnet\venv\Lib\site-packages\django\template\base.py", line 175, in render
    return self._render(context)
           ^^^^^^^^^^^^^^^^^^^^^
  File "F:\Workspace\concordnet\venv\Lib\site-packages\django\template\base.py", line 167, in _render
    return self.nodelist.render(context)
           ^^^^^^^^^^^^^^^^^^^^^^^^^^^^^
  File "F:\Workspace\concordnet\venv\Lib\site-packages\django\template\base.py", line 1005, in render
    return SafeString("".join([node.render_annotated(context) for node in self]))
                               ^^^^^^^^^^^^^^^^^^^^^^^^^^^^^^
  File "F:\Workspace\concordnet\venv\Lib\site-packages\django\template\base.py", line 966, in render_annotated
    return self.render(context)
           ^^^^^^^^^^^^^^^^^^^^
  File "F:\Workspace\concordnet\venv\Lib\site-packages\django\template\loader_tags.py", line 157, in render
    return compiled_parent._render(context)
           ^^^^^^^^^^^^^^^^^^^^^^^^^^^^^^^^
  File "F:\Workspace\concordnet\venv\Lib\site-packages\django\template\base.py", line 167, in _render
    return self.nodelist.render(context)
           ^^^^^^^^^^^^^^^^^^^^^^^^^^^^^
  File "F:\Workspace\concordnet\venv\Lib\site-packages\django\template\base.py", line 1005, in render
    return SafeString("".join([node.render_annotated(context) for node in self]))
                               ^^^^^^^^^^^^^^^^^^^^^^^^^^^^^^
  File "F:\Workspace\concordnet\venv\Lib\site-packages\django\template\base.py", line 966, in render_annotated
    return self.render(context)
           ^^^^^^^^^^^^^^^^^^^^
  File "F:\Workspace\concordnet\venv\Lib\site-packages\django\templatetags\static.py", line 116, in render
    url = self.url(context)
          ^^^^^^^^^^^^^^^^^
  File "F:\Workspace\concordnet\venv\Lib\site-packages\django\templatetags\static.py", line 113, in url
    return self.handle_simple(path)
           ^^^^^^^^^^^^^^^^^^^^^^^^
  File "F:\Workspace\concordnet\venv\Lib\site-packages\django\templatetags\static.py", line 129, in handle_simple
    return staticfiles_storage.url(path)
           ^^^^^^^^^^^^^^^^^^^^^^^^^^^^^
  File "F:\Workspace\concordnet\venv\Lib\site-packages\django\contrib\staticfiles\storage.py", line 203, in url
    return self._url(self.stored_name, name, force)
           ^^^^^^^^^^^^^^^^^^^^^^^^^^^^^^^^^^^^^^^^
  File "F:\Workspace\concordnet\venv\Lib\site-packages\django\contrib\staticfiles\storage.py", line 182, in _url
    hashed_name = hashed_name_func(*args)
                  ^^^^^^^^^^^^^^^^^^^^^^^
  File "F:\Workspace\concordnet\venv\Lib\site-packages\django\contrib\staticfiles\storage.py", line 513, in stored_name
    raise ValueError(
ValueError: Missing staticfiles manifest entry for 'css/style.css'
2025-07-11 09:34:51,314 django.utils.autoreload INFO     F:\Workspace\concordnet\concordnet\settings.py changed, reloading.
2025-07-11 09:34:53,517 django.utils.autoreload INFO     Watching for file changes with StatReloader
2025-07-11 09:35:15,139 django.request ERROR    Internal Server Error: /login/
Traceback (most recent call last):
  File "F:\Workspace\concordnet\venv\Lib\site-packages\django\core\handlers\exception.py", line 55, in inner
    response = get_response(request)
               ^^^^^^^^^^^^^^^^^^^^^
  File "F:\Workspace\concordnet\venv\Lib\site-packages\django\core\handlers\base.py", line 220, in _get_response
    response = response.render()
               ^^^^^^^^^^^^^^^^^
  File "F:\Workspace\concordnet\venv\Lib\site-packages\django\template\response.py", line 114, in render
    self.content = self.rendered_content
                   ^^^^^^^^^^^^^^^^^^^^^
  File "F:\Workspace\concordnet\venv\Lib\site-packages\django\template\response.py", line 92, in rendered_content
    return template.render(context, self._request)
           ^^^^^^^^^^^^^^^^^^^^^^^^^^^^^^^^^^^^^^^
  File "F:\Workspace\concordnet\venv\Lib\site-packages\django\template\backends\django.py", line 61, in render
    return self.template.render(context)
           ^^^^^^^^^^^^^^^^^^^^^^^^^^^^^
  File "F:\Workspace\concordnet\venv\Lib\site-packages\django\template\base.py", line 175, in render
    return self._render(context)
           ^^^^^^^^^^^^^^^^^^^^^
  File "F:\Workspace\concordnet\venv\Lib\site-packages\django\template\base.py", line 167, in _render
    return self.nodelist.render(context)
           ^^^^^^^^^^^^^^^^^^^^^^^^^^^^^
  File "F:\Workspace\concordnet\venv\Lib\site-packages\django\template\base.py", line 1005, in render
    return SafeString("".join([node.render_annotated(context) for node in self]))
                               ^^^^^^^^^^^^^^^^^^^^^^^^^^^^^^
  File "F:\Workspace\concordnet\venv\Lib\site-packages\django\template\base.py", line 966, in render_annotated
    return self.render(context)
           ^^^^^^^^^^^^^^^^^^^^
  File "F:\Workspace\concordnet\venv\Lib\site-packages\django\template\loader_tags.py", line 157, in render
    return compiled_parent._render(context)
           ^^^^^^^^^^^^^^^^^^^^^^^^^^^^^^^^
  File "F:\Workspace\concordnet\venv\Lib\site-packages\django\template\base.py", line 167, in _render
    return self.nodelist.render(context)
           ^^^^^^^^^^^^^^^^^^^^^^^^^^^^^
  File "F:\Workspace\concordnet\venv\Lib\site-packages\django\template\base.py", line 1005, in render
    return SafeString("".join([node.render_annotated(context) for node in self]))
                               ^^^^^^^^^^^^^^^^^^^^^^^^^^^^^^
  File "F:\Workspace\concordnet\venv\Lib\site-packages\django\template\base.py", line 966, in render_annotated
    return self.render(context)
           ^^^^^^^^^^^^^^^^^^^^
  File "F:\Workspace\concordnet\venv\Lib\site-packages\django\templatetags\static.py", line 116, in render
    url = self.url(context)
          ^^^^^^^^^^^^^^^^^
  File "F:\Workspace\concordnet\venv\Lib\site-packages\django\templatetags\static.py", line 113, in url
    return self.handle_simple(path)
           ^^^^^^^^^^^^^^^^^^^^^^^^
  File "F:\Workspace\concordnet\venv\Lib\site-packages\django\templatetags\static.py", line 129, in handle_simple
    return staticfiles_storage.url(path)
           ^^^^^^^^^^^^^^^^^^^^^^^^^^^^^
  File "F:\Workspace\concordnet\venv\Lib\site-packages\django\contrib\staticfiles\storage.py", line 203, in url
    return self._url(self.stored_name, name, force)
           ^^^^^^^^^^^^^^^^^^^^^^^^^^^^^^^^^^^^^^^^
  File "F:\Workspace\concordnet\venv\Lib\site-packages\django\contrib\staticfiles\storage.py", line 182, in _url
    hashed_name = hashed_name_func(*args)
                  ^^^^^^^^^^^^^^^^^^^^^^^
  File "F:\Workspace\concordnet\venv\Lib\site-packages\django\contrib\staticfiles\storage.py", line 513, in stored_name
    raise ValueError(
ValueError: Missing staticfiles manifest entry for 'css/style.css'
2025-07-11 09:36:06,643 django.utils.autoreload INFO     F:\Workspace\concordnet\concordnet\settings.py changed, reloading.
2025-07-11 09:36:08,828 django.utils.autoreload INFO     Watching for file changes with StatReloader
2025-07-11 09:36:44,235 django.utils.autoreload INFO     F:\Workspace\concordnet\concordnet\settings.py changed, reloading.
2025-07-11 09:36:47,125 django.utils.autoreload INFO     Watching for file changes with StatReloader
2025-07-11 09:37:04,727 django.request WARNING  Not Found: /static/img/Animation-innovation.json
2025-07-11 09:37:04,793 django.request WARNING  Not Found: /static/img/Animation-innovation.json
2025-07-11 09:38:32,722 django.request WARNING  Not Found: /static/img/Animation-innovation.json
2025-07-11 09:38:34,561 django.request WARNING  Not Found: /static/img/Animation-innovation.json
2025-07-11 09:39:16,569 django.request WARNING  Not Found: /accounts/login/
2025-07-11 09:39:17,625 django.request WARNING  Not Found: /favicon.ico
2025-07-11 09:39:52,299 django.request WARNING  Not Found: /static/img/Animation-innovation.json
2025-07-11 09:39:54,064 django.request WARNING  Not Found: /static/img/Animation-innovation.json
2025-07-11 09:40:00,312 django.request WARNING  Not Found: /static/img/Animation-innovation.json
2025-07-11 09:40:00,332 django.request WARNING  Not Found: /static/img/Animation-innovation.json
2025-07-11 09:40:15,836 django.request WARNING  Not Found: /media/products/7-processed.jpg
2025-07-11 09:40:15,850 django.request WARNING  Not Found: /media/products/1-processed.jpg
2025-07-11 09:40:16,108 django.request WARNING  Not Found: /media/products/2-processed_qw84IIY.jpg
2025-07-11 09:40:16,121 django.request WARNING  Not Found: /media/products/3-processed.jpg
2025-07-11 09:40:16,132 django.request WARNING  Not Found: /media/products/2-processed_NQTjMpG.jpg
2025-07-11 09:40:16,134 django.request WARNING  Not Found: /media/products/6-processed.jpg
2025-07-11 09:40:16,142 django.request WARNING  Not Found: /media/products/3-processed_yrFucWm.jpg
2025-07-11 09:40:16,157 django.request WARNING  Not Found: /media/products/1-processed_Qtllq9K.jpg
2025-07-11 09:40:16,163 django.request WARNING  Not Found: /media/products/5-processed.png
2025-07-11 09:40:16,169 django.request WARNING  Not Found: /media/products/3-processed_LAgaNLZ.jpg
2025-07-11 09:40:16,176 django.request WARNING  Not Found: /media/products/1-processed_5pMhgC7.jpg
2025-07-11 09:40:16,183 django.request WARNING  Not Found: /media/products/3-processed_KYaMMm8.jpg
2025-07-11 09:40:16,188 django.request WARNING  Not Found: /media/products/2-processed_sxmIw5E.jpg
2025-07-11 09:40:16,197 django.request WARNING  Not Found: /media/products/2-processed_XMwYFhp.jpg
2025-07-11 09:40:16,202 django.request WARNING  Not Found: /media/products/4-processed.jpg
2025-07-11 09:40:16,207 django.request WARNING  Not Found: /media/products/1-processed_NK7c1dc.jpg
2025-07-11 09:40:20,444 django.request WARNING  Not Found: /media/products/7-processed.jpg
2025-07-11 09:40:20,457 django.request WARNING  Not Found: /media/products/1-processed.jpg
2025-07-11 09:40:20,716 django.request WARNING  Not Found: /media/products/2-processed_NQTjMpG.jpg
2025-07-11 09:40:20,729 django.request WARNING  Not Found: /media/products/6-processed.jpg
2025-07-11 09:40:20,742 django.request WARNING  Not Found: /media/products/3-processed_LAgaNLZ.jpg
2025-07-11 09:40:20,760 django.request WARNING  Not Found: /media/products/3-processed_yrFucWm.jpg
2025-07-11 09:40:20,771 django.request WARNING  Not Found: /media/products/1-processed_NK7c1dc.jpg
2025-07-11 09:40:20,775 django.request WARNING  Not Found: /media/products/5-processed.png
2025-07-11 09:40:20,782 django.request WARNING  Not Found: /media/products/1-processed_Qtllq9K.jpg
2025-07-11 09:40:20,786 django.request WARNING  Not Found: /media/products/2-processed_XMwYFhp.jpg
2025-07-11 09:40:20,796 django.request WARNING  Not Found: /media/products/2-processed_qw84IIY.jpg
2025-07-11 09:40:20,806 django.request WARNING  Not Found: /media/products/3-processed.jpg
2025-07-11 09:40:20,811 django.request WARNING  Not Found: /media/products/3-processed_KYaMMm8.jpg
2025-07-11 09:40:20,820 django.request WARNING  Not Found: /media/products/1-processed_yQNM7eO.jpg
2025-07-11 09:40:20,824 django.request WARNING  Not Found: /media/products/1-processed_5pMhgC7.jpg
2025-07-11 09:40:20,834 django.request WARNING  Not Found: /media/products/2-processed_sxmIw5E.jpg
2025-07-11 09:40:27,242 django.request WARNING  Not Found: /media/products/7-processed.jpg
2025-07-11 09:40:27,244 django.request WARNING  Not Found: /media/products/2-processed_NQTjMpG.jpg
2025-07-11 09:40:27,246 django.request WARNING  Not Found: /media/products/1-processed.jpg
2025-07-11 09:40:27,250 django.request WARNING  Not Found: /media/products/6-processed.jpg
2025-07-11 09:40:27,252 django.request WARNING  Not Found: /media/products/2-processed_qw84IIY.jpg
2025-07-11 09:40:27,254 django.request WARNING  Not Found: /media/products/3-processed.jpg
2025-07-11 09:40:27,307 django.request WARNING  Not Found: /media/products/1-processed_5pMhgC7.jpg
2025-07-11 09:40:27,311 django.request WARNING  Not Found: /media/products/5-processed.png
2025-07-11 09:40:27,330 django.request WARNING  Not Found: /media/products/3-processed_LAgaNLZ.jpg
2025-07-11 09:40:27,332 django.request WARNING  Not Found: /media/products/1-processed_Qtllq9K.jpg
2025-07-11 09:40:27,334 django.request WARNING  Not Found: /media/products/1-processed_NK7c1dc.jpg
2025-07-11 09:40:27,336 django.request WARNING  Not Found: /media/products/3-processed_yrFucWm.jpg
2025-07-11 09:40:27,338 django.request WARNING  Not Found: /media/products/2-processed_XMwYFhp.jpg
2025-07-11 09:40:27,340 django.request WARNING  Not Found: /media/products/1-processed_yQNM7eO.jpg
2025-07-11 09:40:27,362 django.request WARNING  Not Found: /media/products/4-processed.jpg
2025-07-11 09:40:27,365 django.request WARNING  Not Found: /media/products/2-processed_sxmIw5E.jpg
2025-07-11 09:40:27,437 django.request WARNING  Not Found: /media/products/3-processed_KYaMMm8.jpg
2025-07-11 09:40:30,898 django.request WARNING  Not Found: /media/products/7-processed.jpg
2025-07-11 09:40:30,901 django.request WARNING  Not Found: /media/products/1-processed.jpg
2025-07-11 09:40:30,920 django.request WARNING  Not Found: /media/products/2-processed_NQTjMpG.jpg
2025-07-11 09:40:30,923 django.request WARNING  Not Found: /media/products/6-processed.jpg
2025-07-11 09:40:30,928 django.request WARNING  Not Found: /media/products/2-processed_qw84IIY.jpg
2025-07-11 09:40:30,930 django.request WARNING  Not Found: /media/products/3-processed.jpg
2025-07-11 09:40:30,936 django.request WARNING  Not Found: /media/products/1-processed_5pMhgC7.jpg
2025-07-11 09:40:30,939 django.request WARNING  Not Found: /media/products/5-processed.png
2025-07-11 09:40:30,947 django.request WARNING  Not Found: /media/products/3-processed_LAgaNLZ.jpg
2025-07-11 09:40:30,955 django.request WARNING  Not Found: /media/products/1-processed_Qtllq9K.jpg
2025-07-11 09:40:30,983 django.request WARNING  Not Found: /media/products/3-processed_yrFucWm.jpg
2025-07-11 09:40:30,996 django.request WARNING  Not Found: /media/products/1-processed_NK7c1dc.jpg
2025-07-11 09:40:31,000 django.request WARNING  Not Found: /media/products/2-processed_XMwYFhp.jpg
2025-07-11 09:40:31,003 django.request WARNING  Not Found: /media/products/1-processed_yQNM7eO.jpg
2025-07-11 09:40:31,006 django.request WARNING  Not Found: /media/products/4-processed.jpg
2025-07-11 09:40:31,039 django.request WARNING  Not Found: /media/products/2-processed_sxmIw5E.jpg
2025-07-11 09:40:31,044 django.request WARNING  Not Found: /media/products/3-processed_KYaMMm8.jpg
2025-07-11 09:40:34,246 django.request WARNING  Not Found: /media/products/7-processed.jpg
2025-07-11 09:40:48,312 django.request WARNING  Not Found: /.well-known/appspecific/com.chrome.devtools.json
2025-07-11 09:41:32,384 django.request WARNING  Not Found: /media/products/7-processed.jpg
2025-07-11 09:43:47,374 django.utils.autoreload INFO     F:\Workspace\concordnet\concordnet\settings.py changed, reloading.
2025-07-11 09:43:55,641 django.utils.autoreload INFO     Watching for file changes with StatReloader
2025-07-11 09:44:23,333 django.request WARNING  Not Found: /media/products/7-processed.jpg
2025-07-11 09:44:23,337 django.request WARNING  Not Found: /media/products/1-processed.jpg
2025-07-11 09:44:23,342 django.request WARNING  Not Found: /media/products/2-processed_NQTjMpG.jpg
2025-07-11 09:44:23,346 django.request WARNING  Not Found: /media/products/6-processed.jpg
2025-07-11 09:44:23,349 django.request WARNING  Not Found: /media/products/3-processed.jpg
2025-07-11 09:44:23,355 django.request WARNING  Not Found: /media/products/2-processed_qw84IIY.jpg
2025-07-11 09:44:23,368 django.request WARNING  Not Found: /media/products/5-processed.png
2025-07-11 09:44:23,379 django.request WARNING  Not Found: /media/products/1-processed_5pMhgC7.jpg
2025-07-11 09:44:23,425 django.request WARNING  Not Found: /media/products/3-processed_LAgaNLZ.jpg
2025-07-11 09:44:23,427 django.request WARNING  Not Found: /media/products/1-processed_Qtllq9K.jpg
2025-07-11 09:44:23,430 django.request WARNING  Not Found: /media/products/3-processed_yrFucWm.jpg
2025-07-11 09:44:23,433 django.request WARNING  Not Found: /media/products/1-processed_NK7c1dc.jpg
2025-07-11 09:44:23,435 django.request WARNING  Not Found: /media/products/2-processed_XMwYFhp.jpg
2025-07-11 09:44:23,438 django.request WARNING  Not Found: /media/products/1-processed_yQNM7eO.jpg
2025-07-11 09:44:23,457 django.request WARNING  Not Found: /media/products/4-processed.jpg
2025-07-11 09:44:23,461 django.request WARNING  Not Found: /media/products/2-processed_sxmIw5E.jpg
2025-07-11 09:44:23,467 django.request WARNING  Not Found: /media/products/3-processed_KYaMMm8.jpg
2025-07-11 09:44:25,822 django.request WARNING  Not Found: /media/products/7-processed.jpg
2025-07-11 09:44:25,824 django.request WARNING  Not Found: /media/products/1-processed.jpg
2025-07-11 09:44:25,828 django.request WARNING  Not Found: /media/products/2-processed_NQTjMpG.jpg
2025-07-11 09:44:25,832 django.request WARNING  Not Found: /media/products/6-processed.jpg
2025-07-11 09:44:25,835 django.request WARNING  Not Found: /media/products/2-processed_qw84IIY.jpg
2025-07-11 09:44:25,838 django.request WARNING  Not Found: /media/products/3-processed.jpg
2025-07-11 09:44:25,857 django.request WARNING  Not Found: /media/products/1-processed_5pMhgC7.jpg
2025-07-11 09:44:25,874 django.request WARNING  Not Found: /media/products/5-processed.png
2025-07-11 09:44:25,877 django.request WARNING  Not Found: /media/products/3-processed_LAgaNLZ.jpg
2025-07-11 09:44:25,882 django.request WARNING  Not Found: /media/products/1-processed_Qtllq9K.jpg
2025-07-11 09:44:25,885 django.request WARNING  Not Found: /media/products/3-processed_yrFucWm.jpg
2025-07-11 09:44:25,943 django.request WARNING  Not Found: /media/products/4-processed.jpg
2025-07-11 09:44:25,945 django.request WARNING  Not Found: /media/products/1-processed_NK7c1dc.jpg
2025-07-11 09:44:25,954 django.request WARNING  Not Found: /media/products/1-processed_yQNM7eO.jpg
2025-07-11 09:44:25,956 django.request WARNING  Not Found: /media/products/2-processed_XMwYFhp.jpg
2025-07-11 09:44:25,960 django.request WARNING  Not Found: /media/products/2-processed_sxmIw5E.jpg
2025-07-11 09:44:25,969 django.request WARNING  Not Found: /media/products/3-processed_KYaMMm8.jpg
2025-07-11 09:44:32,412 django.request WARNING  Not Found: /.well-known/appspecific/com.chrome.devtools.json
2025-07-11 10:55:40,304 django.request WARNING  Not Found: /accounts/login/
2025-07-11 11:49:59,563 django.request WARNING  Not Found: /accounts/login/
2025-07-11 11:51:38,647 django.request WARNING  Not Found: /static/img/Animation-innovation.json
2025-07-11 11:51:42,036 django.request WARNING  Not Found: /static/img/Animation-innovation.json
2025-07-11 11:54:45,468 django.request WARNING  Not Found: /media/products/7-processed.jpg
2025-07-11 11:54:45,482 django.request WARNING  Not Found: /media/products/1-processed.jpg
2025-07-11 11:54:45,499 django.request WARNING  Not Found: /media/products/2-processed_NQTjMpG.jpg
2025-07-11 11:54:45,786 django.request WARNING  Not Found: /media/products/3-processed_yrFucWm.jpg
2025-07-11 11:54:45,807 django.request WARNING  Not Found: /media/products/6-processed.jpg
2025-07-11 11:54:45,815 django.request WARNING  Not Found: /media/products/2-processed_qw84IIY.jpg
2025-07-11 11:54:45,820 django.request WARNING  Not Found: /media/products/3-processed.jpg
2025-07-11 11:54:45,826 django.request WARNING  Not Found: /media/products/5-processed.png
2025-07-11 11:54:45,837 django.request WARNING  Not Found: /media/products/1-processed_5pMhgC7.jpg
2025-07-11 11:54:45,842 django.request WARNING  Not Found: /media/products/3-processed_LAgaNLZ.jpg
2025-07-11 11:54:45,848 django.request WARNING  Not Found: /media/products/2-processed_XMwYFhp.jpg
2025-07-11 11:54:45,851 django.request WARNING  Not Found: /media/products/3-processed_KYaMMm8.jpg
2025-07-11 11:54:45,859 django.request WARNING  Not Found: /media/products/1-processed_NK7c1dc.jpg
2025-07-11 11:54:45,863 django.request WARNING  Not Found: /media/products/4-processed.jpg
2025-07-11 11:54:45,869 django.request WARNING  Not Found: /media/products/1-processed_yQNM7eO.jpg
2025-07-11 12:28:31,197 django.request WARNING  Not Found: /static/img/Animation-innovation.json
2025-07-11 12:28:31,230 django.request WARNING  Not Found: /static/img/Animation-innovation.json
2025-07-11 12:33:13,184 django.request WARNING  Not Found: /media/products/7-processed.jpg
2025-07-11 12:33:13,187 django.request WARNING  Not Found: /media/products/2-processed_qw84IIY.jpg
2025-07-11 12:33:13,188 django.request WARNING  Not Found: /media/products/2-processed_NQTjMpG.jpg
2025-07-11 12:33:13,190 django.request WARNING  Not Found: /media/products/3-processed.jpg
2025-07-11 12:33:13,191 django.request WARNING  Not Found: /media/products/6-processed.jpg
2025-07-11 12:33:13,192 django.request WARNING  Not Found: /media/products/1-processed.jpg
2025-07-11 12:33:13,249 django.request WARNING  Not Found: /media/products/1-processed_5pMhgC7.jpg
2025-07-11 12:33:13,249 django.request WARNING  Not Found: /media/products/5-processed.png
2025-07-11 12:33:13,285 django.request WARNING  Not Found: /media/products/3-processed_LAgaNLZ.jpg
2025-07-11 12:33:13,288 django.request WARNING  Not Found: /media/products/1-processed_Qtllq9K.jpg
2025-07-11 12:33:13,301 django.request WARNING  Not Found: /media/products/1-processed_NK7c1dc.jpg
2025-07-11 12:33:13,303 django.request WARNING  Not Found: /media/products/2-processed_XMwYFhp.jpg
2025-07-11 12:33:13,306 django.request WARNING  Not Found: /media/products/3-processed_yrFucWm.jpg
2025-07-11 12:33:13,316 django.request WARNING  Not Found: /media/products/1-processed_yQNM7eO.jpg
2025-07-11 12:33:13,373 django.request WARNING  Not Found: /media/products/4-processed.jpg
2025-07-11 12:33:13,376 django.request WARNING  Not Found: /media/products/2-processed_sxmIw5E.jpg
2025-07-11 12:33:13,394 django.request WARNING  Not Found: /media/products/3-processed_KYaMMm8.jpg
2025-07-11 12:34:48,492 django.request WARNING  Not Found: /.well-known/appspecific/com.chrome.devtools.json
2025-07-11 12:35:07,638 django.request WARNING  Not Found: /media/products/7-processed.jpg
2025-07-11 12:35:41,818 django.request WARNING  Not Found: /media/products/7-processed.jpg
2025-07-11 14:09:11,476 django.utils.autoreload INFO     Watching for file changes with StatReloader
2025-07-11 14:09:20,253 django.request WARNING  Not Found: /static/fontawesomefree/css/fontawesome.css
2025-07-11 14:09:20,260 django.request WARNING  Not Found: /static/fontawesomefree/css/brands.css
2025-07-11 14:09:20,267 django.request WARNING  Not Found: /static/fontawesomefree/css/solid.css
2025-07-11 14:09:20,272 django.request WARNING  Not Found: /static/css/bootstrap.min.css
2025-07-11 14:09:20,274 django.request WARNING  Not Found: /static/css/style.css
2025-07-11 14:09:20,289 django.request WARNING  Not Found: /static/css/external.css
2025-07-11 14:09:20,460 django.request WARNING  Not Found: /.well-known/appspecific/com.chrome.devtools.json
2025-07-11 14:09:20,696 django.request WARNING  Not Found: /static/img/logo_copy_refined_upscaled-removebg-preview.png
2025-07-11 14:09:20,698 django.request WARNING  Not Found: /static/img/thelazyartist-refined.jpg
2025-07-11 14:09:20,713 django.request WARNING  Not Found: /static/img/harvest-refined.jpg
2025-07-11 14:09:20,716 django.request WARNING  Not Found: /static/img/mikebirdy-refined.jpg
2025-07-11 14:09:20,734 django.request WARNING  Not Found: /static/img/drone-agrics.jpg
2025-07-11 14:09:20,737 django.request WARNING  Not Found: /static/js/jquery-2.2.4.min.js
2025-07-11 14:09:20,923 django.request WARNING  Not Found: /static/js/plugins.js
2025-07-11 14:09:20,925 django.request WARNING  Not Found: /static/js/bootstrap.min.js
2025-07-11 14:09:21,010 django.request WARNING  Not Found: /static/js/functions.js
2025-07-11 14:09:21,145 django.request WARNING  Not Found: /static/fontawesomefree/js/all.min.js
2025-07-11 14:09:21,147 django.request WARNING  Not Found: /static/img/why-us-refined.jpg
2025-07-11 14:09:21,149 django.request WARNING  Not Found: /static/img/marie.jpg
2025-07-11 14:09:21,153 django.request WARNING  Not Found: /static/img/ivana-square.jpg
2025-07-11 14:09:21,156 django.request WARNING  Not Found: /static/img/kal-visuals-square.jpg
2025-07-11 14:09:21,160 django.request WARNING  Not Found: /static/img/Animation-Innovation.json
2025-07-11 14:09:21,212 django.request WARNING  Not Found: /static/img/Animation-Innovation.json
2025-07-11 14:09:21,353 django.request WARNING  Not Found: /static/img/Animation-Integrity.json
2025-07-11 14:09:21,455 django.request WARNING  Not Found: /static/img/Animation-Integrity.json
2025-07-11 14:09:21,458 django.request WARNING  Not Found: /static/img/Animation-Sustainability.json
2025-07-11 14:09:21,461 django.request WARNING  Not Found: /static/img/Animation-Sustainability.json
2025-07-11 14:09:21,464 django.request WARNING  Not Found: /static/img/Animation-Customer-Centric.json
2025-07-11 14:09:21,664 django.request WARNING  Not Found: /static/img/Animation-Community.json
2025-07-11 14:09:21,667 django.request WARNING  Not Found: /static/img/Animation-Safety.json
2025-07-11 14:09:21,688 django.request WARNING  Not Found: /static/img/Animation-Customer-Centric.json
2025-07-11 14:09:21,691 django.request WARNING  Not Found: /static/img/Animation-Community.json
2025-07-11 14:09:21,695 django.request WARNING  Not Found: /static/img/Animation-Safety.json
2025-07-11 14:09:21,697 django.request WARNING  Not Found: /static/img/Animation-Collaboration.json
2025-07-11 14:09:21,700 django.request WARNING  Not Found: /static/img/Animation-Excellence.json
2025-07-11 14:09:21,702 django.request WARNING  Not Found: /static/img/Animation-Collaboration.json
2025-07-11 14:09:21,719 django.request WARNING  Not Found: /static/img/Animation-Excellence.json
2025-07-11 14:09:21,754 django.request WARNING  Not Found: /static/img/andre.jpg
2025-07-11 14:09:21,756 django.request WARNING  Not Found: /static/img/dji-agrics-refined.jpg
2025-07-11 14:09:21,835 django.request WARNING  Not Found: /static/img/infrastructure-refined.jpg
2025-07-11 14:09:21,837 django.request WARNING  Not Found: /static/img/medical-drone-refined.jpg
2025-07-11 14:09:21,839 django.request WARNING  Not Found: /static/img/drone-anti-poaching-refined.jpg
2025-07-11 14:09:21,884 django.request WARNING  Not Found: /static/img/disaster-management-refined.jpg
2025-07-11 14:09:21,886 django.request WARNING  Not Found: /static/img/urban-planning-refined.jpg
2025-07-11 14:09:22,137 django.request WARNING  Not Found: /static/img/education-training-refined.jpg
2025-07-11 14:09:22,216 django.request WARNING  Not Found: /static/img/media-entertainment-refined.jpg
2025-07-11 14:09:22,218 django.request WARNING  Not Found: /static/img/environment-refined.jpg
2025-07-11 14:09:22,220 django.request WARNING  Not Found: /static/img/bg-2.jpg
2025-07-11 14:09:22,222 django.request WARNING  Not Found: /static/img/security-surveillance-refined.jpg
2025-07-11 14:09:29,367 django.request WARNING  Not Found: /static/fontawesomefree/css/fontawesome.css
2025-07-11 14:09:29,371 django.request WARNING  Not Found: /static/fontawesomefree/css/brands.css
2025-07-11 14:09:29,378 django.request WARNING  Not Found: /static/fontawesomefree/css/solid.css
2025-07-11 14:09:29,380 django.request WARNING  Not Found: /static/css/bootstrap.min.css
2025-07-11 14:09:29,397 django.request WARNING  Not Found: /static/css/style.css
2025-07-11 14:09:29,399 django.request WARNING  Not Found: /static/css/external.css
2025-07-11 14:09:29,419 django.request WARNING  Not Found: /static/img/thelazyartist-refined.jpg
2025-07-11 14:09:29,427 django.request WARNING  Not Found: /static/img/logo_copy_refined_upscaled-removebg-preview.png
2025-07-11 14:09:29,465 django.request WARNING  Not Found: /.well-known/appspecific/com.chrome.devtools.json
2025-07-11 14:09:29,504 django.request WARNING  Not Found: /static/img/harvest-refined.jpg
2025-07-11 14:09:29,508 django.request WARNING  Not Found: /static/img/mikebirdy-refined.jpg
2025-07-11 14:09:29,764 django.request WARNING  Not Found: /static/img/drone-agrics.jpg
2025-07-11 14:09:29,779 django.request WARNING  Not Found: /static/js/jquery-2.2.4.min.js
2025-07-11 14:09:29,789 django.request WARNING  Not Found: /static/js/plugins.js
2025-07-11 14:09:29,804 django.request WARNING  Not Found: /static/js/bootstrap.min.js
2025-07-11 14:09:29,830 django.request WARNING  Not Found: /static/js/functions.js
2025-07-11 14:09:29,872 django.request WARNING  Not Found: /static/fontawesomefree/js/all.min.js
2025-07-11 14:09:30,007 django.request WARNING  Not Found: /static/img/why-us-refined.jpg
2025-07-11 14:09:30,011 django.request WARNING  Not Found: /static/img/marie.jpg
2025-07-11 14:09:30,014 django.request WARNING  Not Found: /static/img/kal-visuals-square.jpg
2025-07-11 14:09:30,017 django.request WARNING  Not Found: /static/img/ivana-square.jpg
2025-07-11 14:09:30,021 django.request WARNING  Not Found: /static/img/andre.jpg
2025-07-11 14:09:30,023 django.request WARNING  Not Found: /static/img/dji-agrics-refined.jpg
2025-07-11 14:09:30,087 django.request WARNING  Not Found: /static/img/medical-drone-refined.jpg
2025-07-11 14:09:30,306 django.request WARNING  Not Found: /static/img/infrastructure-refined.jpg
2025-07-11 14:09:30,354 django.request WARNING  Not Found: /static/img/Animation-Innovation.json
2025-07-11 14:09:30,386 django.request WARNING  Not Found: /static/img/Animation-Innovation.json
2025-07-11 14:09:30,390 django.request WARNING  Not Found: /static/img/Animation-Integrity.json
2025-07-11 14:09:30,436 django.request WARNING  Not Found: /static/img/Animation-Sustainability.json
2025-07-11 14:09:30,438 django.request WARNING  Not Found: /static/img/Animation-Integrity.json
2025-07-11 14:09:30,447 django.request WARNING  Not Found: /static/img/Animation-Customer-Centric.json
2025-07-11 14:09:30,450 django.request WARNING  Not Found: /static/img/Animation-Sustainability.json
2025-07-11 14:09:30,452 django.request WARNING  Not Found: /static/img/Animation-Community.json
2025-07-11 14:09:30,459 django.request WARNING  Not Found: /static/img/Animation-Customer-Centric.json
2025-07-11 14:09:30,698 django.request WARNING  Not Found: /static/img/Animation-Community.json
2025-07-11 14:09:30,772 django.request WARNING  Not Found: /static/img/Animation-Safety.json
2025-07-11 14:09:30,866 django.request WARNING  Not Found: /static/img/Animation-Collaboration.json
2025-07-11 14:09:30,922 django.request WARNING  Not Found: /static/img/Animation-Excellence.json
2025-07-11 14:09:30,935 django.request WARNING  Not Found: /static/img/Animation-Safety.json
2025-07-11 14:09:30,940 django.request WARNING  Not Found: /static/img/Animation-Collaboration.json
2025-07-11 14:09:30,954 django.request WARNING  Not Found: /static/img/Animation-Excellence.json
2025-07-11 14:09:30,964 django.request WARNING  Not Found: /static/img/drone-anti-poaching-refined.jpg
2025-07-11 14:09:30,974 django.request WARNING  Not Found: /static/img/disaster-management-refined.jpg
2025-07-11 14:09:30,983 django.request WARNING  Not Found: /static/img/urban-planning-refined.jpg
2025-07-11 14:09:30,987 django.request WARNING  Not Found: /static/img/media-entertainment-refined.jpg
2025-07-11 14:09:30,991 django.request WARNING  Not Found: /static/img/education-training-refined.jpg
2025-07-11 14:09:31,010 django.request WARNING  Not Found: /static/img/environment-refined.jpg
2025-07-11 14:09:31,027 django.request WARNING  Not Found: /static/img/security-surveillance-refined.jpg
2025-07-11 14:09:31,037 django.request WARNING  Not Found: /static/img/bg-2.jpg
2025-07-11 14:09:31,069 django.request WARNING  Not Found: /static/img/logo-ct.png
2025-07-11 14:10:04,814 django.utils.autoreload INFO     F:\Workspace\concordnet\concordnet\settings.py changed, reloading.
2025-07-11 14:10:06,424 django.utils.autoreload INFO     Watching for file changes with StatReloader
2025-07-11 14:10:30,893 django.request WARNING  Not Found: /media/products/2-processed_NQTjMpG.jpg
2025-07-11 14:10:30,894 django.request WARNING  Not Found: /media/products/1-processed.jpg
2025-07-11 14:10:30,896 django.request WARNING  Not Found: /media/products/7-processed.jpg
2025-07-11 14:10:30,897 django.request WARNING  Not Found: /media/products/3-processed.jpg
2025-07-11 14:10:30,900 django.request WARNING  Not Found: /media/products/6-processed.jpg
2025-07-11 14:10:30,902 django.request WARNING  Not Found: /media/products/2-processed_qw84IIY.jpg
2025-07-11 14:10:30,916 django.request WARNING  Not Found: /media/products/5-processed.png
2025-07-11 14:10:30,919 django.request WARNING  Not Found: /media/products/1-processed_5pMhgC7.jpg
2025-07-11 14:10:30,940 django.request WARNING  Not Found: /media/products/3-processed_LAgaNLZ.jpg
2025-07-11 14:10:30,962 django.request WARNING  Not Found: /media/products/1-processed_Qtllq9K.jpg
2025-07-11 14:10:30,968 django.request WARNING  Not Found: /media/products/3-processed_yrFucWm.jpg
2025-07-11 14:10:30,972 django.request WARNING  Not Found: /media/products/1-processed_NK7c1dc.jpg
2025-07-11 14:10:30,976 django.request WARNING  Not Found: /media/products/2-processed_XMwYFhp.jpg
2025-07-11 14:10:30,978 django.request WARNING  Not Found: /media/products/1-processed_yQNM7eO.jpg
2025-07-11 14:10:31,007 django.request WARNING  Not Found: /media/products/4-processed.jpg
2025-07-11 14:10:31,016 django.request WARNING  Not Found: /media/products/2-processed_sxmIw5E.jpg
2025-07-11 14:10:31,030 django.request WARNING  Not Found: /media/products/3-processed_KYaMMm8.jpg
2025-07-11 14:26:54,874 django.utils.autoreload INFO     F:\Workspace\concordnet\concordnet\settings.py changed, reloading.
2025-07-11 14:26:57,989 django.utils.autoreload INFO     Watching for file changes with StatReloader
2025-07-11 14:28:59,421 django.utils.autoreload INFO     Watching for file changes with StatReloader
2025-07-11 14:31:18,150 django.request WARNING  Not Found: /media/products/1-processed.jpg
2025-07-11 14:31:18,152 django.request WARNING  Not Found: /media/products/2-processed_qw84IIY.jpg
2025-07-11 14:31:18,153 django.request WARNING  Not Found: /media/products/2-processed_NQTjMpG.jpg
2025-07-11 14:31:18,155 django.request WARNING  Not Found: /media/products/7-processed.jpg
2025-07-11 14:31:18,157 django.request WARNING  Not Found: /media/products/3-processed.jpg
2025-07-11 14:31:18,158 django.request WARNING  Not Found: /media/products/6-processed.jpg
2025-07-11 14:31:18,168 django.request WARNING  Not Found: /media/products/5-processed.png
2025-07-11 14:31:18,170 django.request WARNING  Not Found: /media/products/1-processed_5pMhgC7.jpg
2025-07-11 14:31:18,181 django.request WARNING  Not Found: /media/products/3-processed_LAgaNLZ.jpg
2025-07-11 14:31:18,220 django.request WARNING  Not Found: /media/products/3-processed_yrFucWm.jpg
2025-07-11 14:31:18,216 django.request WARNING  Not Found: /media/products/1-processed_yQNM7eO.jpg
2025-07-11 14:31:18,184 django.request WARNING  Not Found: /media/products/1-processed_Qtllq9K.jpg
2025-07-11 14:31:18,249 django.request WARNING  Not Found: /media/products/1-processed_NK7c1dc.jpg
2025-07-11 14:31:18,260 django.request WARNING  Not Found: /media/products/2-processed_XMwYFhp.jpg
2025-07-11 14:31:18,288 django.request WARNING  Not Found: /media/products/4-processed.jpg
2025-07-11 14:31:18,295 django.request WARNING  Not Found: /media/products/2-processed_sxmIw5E.jpg
2025-07-11 14:31:18,302 django.request WARNING  Not Found: /media/products/3-processed_KYaMMm8.jpg
2025-07-11 14:42:05,152 django.request WARNING  Not Found: /media/products/7-processed.jpg
2025-07-11 14:42:05,153 django.request WARNING  Not Found: /media/products/1-processed.jpg
2025-07-11 14:42:05,155 django.request WARNING  Not Found: /media/products/6-processed.jpg
2025-07-11 14:42:05,156 django.request WARNING  Not Found: /media/products/2-processed_qw84IIY.jpg
2025-07-11 14:42:05,157 django.request WARNING  Not Found: /media/products/2-processed_NQTjMpG.jpg
2025-07-11 14:42:05,164 django.request WARNING  Not Found: /media/products/3-processed.jpg
2025-07-11 14:42:05,169 django.request WARNING  Not Found: /media/products/5-processed.png
2025-07-11 14:42:05,178 django.request WARNING  Not Found: /media/products/1-processed_5pMhgC7.jpg
2025-07-11 14:42:05,225 django.request WARNING  Not Found: /media/products/3-processed_LAgaNLZ.jpg
2025-07-11 14:42:05,236 django.request WARNING  Not Found: /media/products/1-processed_Qtllq9K.jpg
2025-07-11 14:42:05,253 django.request WARNING  Not Found: /media/products/3-processed_yrFucWm.jpg
2025-07-11 14:42:05,265 django.request WARNING  Not Found: /media/products/1-processed_NK7c1dc.jpg
2025-07-11 14:42:05,273 django.request WARNING  Not Found: /media/products/2-processed_XMwYFhp.jpg
2025-07-11 14:42:05,276 django.request WARNING  Not Found: /media/products/1-processed_yQNM7eO.jpg
2025-07-11 14:42:05,294 django.request WARNING  Not Found: /media/products/4-processed.jpg
2025-07-11 14:42:05,315 django.request WARNING  Not Found: /media/products/2-processed_sxmIw5E.jpg
2025-07-11 14:42:05,317 django.request WARNING  Not Found: /media/products/3-processed_KYaMMm8.jpg
2025-07-11 14:42:44,537 django.request WARNING  Not Found: /.well-known/appspecific/com.chrome.devtools.json
2025-07-11 14:43:09,735 django.request WARNING  Not Found: /media/products/7-processed.jpg
2025-07-11 14:48:04,598 django.utils.autoreload INFO     Watching for file changes with StatReloader
2025-07-11 14:48:17,154 django.request WARNING  Not Found: /.well-known/appspecific/com.chrome.devtools.json
2025-07-11 15:14:07,655 django.utils.autoreload INFO     F:\Workspace\concordnet\apps\products\admin.py changed, reloading.
2025-07-11 15:14:11,755 django.utils.autoreload INFO     Watching for file changes with StatReloader
2025-07-11 15:26:05,473 django.utils.autoreload INFO     F:\Workspace\concordnet\apps\products\admin.py changed, reloading.
2025-07-11 15:26:33,361 django.utils.autoreload INFO     Watching for file changes with StatReloader
2025-07-11 15:31:22,749 django.utils.autoreload INFO     F:\Workspace\concordnet\apps\products\admin.py changed, reloading.
2025-07-11 15:31:27,479 django.utils.autoreload INFO     Watching for file changes with StatReloader
2025-07-11 15:41:09,991 django.utils.autoreload INFO     F:\Workspace\concordnet\apps\products\models.py changed, reloading.
2025-07-11 15:41:20,131 django.utils.autoreload INFO     Watching for file changes with StatReloader
2025-07-11 15:41:50,496 django.utils.autoreload INFO     F:\Workspace\concordnet\apps\products\models.py changed, reloading.
2025-07-11 15:41:54,894 django.utils.autoreload INFO     Watching for file changes with StatReloader
2025-07-11 15:42:42,159 django.utils.autoreload INFO     F:\Workspace\concordnet\apps\products\models.py changed, reloading.
2025-07-11 15:42:45,439 django.utils.autoreload INFO     Watching for file changes with StatReloader
2025-07-11 15:42:58,270 django.utils.autoreload INFO     F:\Workspace\concordnet\apps\products\models.py changed, reloading.
2025-07-11 15:43:01,296 django.utils.autoreload INFO     Watching for file changes with StatReloader
2025-07-11 15:43:09,571 django.utils.autoreload INFO     F:\Workspace\concordnet\apps\products\models.py changed, reloading.
2025-07-11 15:43:13,621 django.utils.autoreload INFO     Watching for file changes with StatReloader
2025-07-11 15:43:26,763 django.utils.autoreload INFO     F:\Workspace\concordnet\apps\products\models.py changed, reloading.
2025-07-11 15:43:30,315 django.utils.autoreload INFO     Watching for file changes with StatReloader
2025-07-11 16:53:39,969 django.utils.autoreload INFO     F:\Workspace\concordnet\apps\products\views.py changed, reloading.
2025-07-11 16:54:05,214 django.utils.autoreload INFO     Watching for file changes with StatReloader
2025-07-12 10:05:11,751 django.utils.autoreload INFO     F:\Workspace\concordnet\apps\products\views.py changed, reloading.
2025-07-12 10:05:15,505 django.utils.autoreload INFO     Watching for file changes with StatReloader
2025-07-12 10:07:30,283 django.utils.autoreload INFO     F:\Workspace\concordnet\apps\products\views.py changed, reloading.
2025-07-12 10:07:41,675 django.utils.autoreload INFO     Watching for file changes with StatReloader
2025-07-12 10:08:35,117 django.utils.autoreload INFO     F:\Workspace\concordnet\apps\products\views.py changed, reloading.
2025-07-12 10:08:37,358 django.utils.autoreload INFO     Watching for file changes with StatReloader
2025-07-12 10:11:48,903 django.utils.autoreload INFO     F:\Workspace\concordnet\apps\products\views.py changed, reloading.
2025-07-12 10:11:59,880 django.utils.autoreload INFO     Watching for file changes with StatReloader
2025-07-15 11:07:33,194 django.utils.autoreload INFO     Watching for file changes with StatReloader
2025-07-15 14:26:01,844 django.request WARNING  Not Found: /favicon.ico
2025-07-16 14:40:39,769 django.utils.autoreload INFO     Watching for file changes with StatReloader
2025-07-16 16:09:06,434 django.utils.autoreload INFO     F:\Workspace\concordnet\concordnet\settings.py changed, reloading.
2025-07-16 16:09:25,094 django.utils.autoreload INFO     Watching for file changes with StatReloader
2025-07-21 10:10:32,504 django.utils.autoreload INFO     Watching for file changes with StatReloader
